Workbook

Sheet total MM
A1: DATE | B1: SOLANA AVG PRICE | C1: IDLEMINE AVG PRICE | D1: BOUGHT TOKENS | E1: BOUGHT VOLUME | F1: SOLD TOKENS | G1: SOLD VOLUME | H1: TOTAL VOLUME | I1: TRANSACTION FEE | J1: POSTION TOKENS | K1: POSITION VALUE | L1: SOL IN | M1: SOL OUT | N1: NET SOL VALUE
A2: 45962 | B2: 222.076 | C2: 7.677e-06 | D2: ='MM volume and PL walletwise'!S3+'MM volume and PL walletwise'!#REF! -> #REF! | E2: ='MM volume and PL walletwise'!T3+'MM volume and PL walletwise'!#REF! -> #REF! | F2: ='MM volume and PL walletwise'!U3+'MM volume and PL walletwise'!#REF! -> #REF! | G2: ='MM volume and PL walletwise'!V3+'MM volume and PL walletwise'!#REF! -> #REF! | H2: ='MM volume and PL walletwise'!W3+'MM volume and PL walletwise'!#REF! -> #REF! | I2: ='MM volume and PL walletwise'!X3+'MM volume and PL walletwise'!#REF! -> #REF! | J2: ='MM volume and PL walletwise'!Y3+'MM volume and PL walletwise'!#REF! -> #REF! | K2: ='MM volume and PL walletwise'!Z3+'MM volume and PL walletwise'!#REF! -> #REF! | L2: ='MM volume and PL walletwise'!AA3+'MM volume and PL walletwise'!#REF! -> #REF! | M2: ='MM volume and PL walletwise'!AC3+'MM volume and PL walletwise'!#REF! -> #REF! | N2: ='MM volume and PL walletwise'!AE3+'MM volume and PL walletwise'!#REF! -> #REF!
A3: 45963 | B3: 234.695 | C3: 7.677e-06 | D3: ='MM volume and PL walletwise'!S4+'MM volume and PL walletwise'!#REF! -> #REF! | E3: ='MM volume and PL walletwise'!T4+'MM volume and PL walletwise'!#REF! -> #REF! | F3: ='MM volume and PL walletwise'!U4+'MM volume and PL walletwise'!#REF! -> #REF! | G3: ='MM volume and PL walletwise'!V4+'MM volume and PL walletwise'!#REF! -> #REF! | H3: ='MM volume and PL walletwise'!W4+'MM volume and PL walletwise'!#REF! -> #REF! | I3: ='MM volume and PL walletwise'!X4+'MM volume and PL walletwise'!#REF! -> #REF! | J3: ='MM volume and PL walletwise'!Y4+'MM volume and PL walletwise'!#REF! -> #REF! | K3: ='MM volume and PL walletwise'!Z4+'MM volume and PL walletwise'!#REF! -> #REF! | L3: ='MM volume and PL walletwise'!AA4+'MM volume and PL walletwise'!#REF! -> #REF! | M3: ='MM volume and PL walletwise'!AC4+'MM volume and PL walletwise'!#REF! -> #REF! | N3: ='MM volume and PL walletwise'!AE4+'MM volume and PL walletwise'!#REF! -> #REF!
A4: 45964 | B4: 232.82 | C4: 7.691e-06 | D4: ='MM volume and PL walletwise'!S5+'MM volume and PL walletwise'!#REF! -> #REF! | E4: ='MM volume and PL walletwise'!T5+'MM volume and PL walletwise'!#REF! -> #REF! | F4: ='MM volume and PL walletwise'!U5+'MM volume and PL walletwise'!#REF! -> #REF! | G4: ='MM volume and PL walletwise'!V5+'MM volume and PL walletwise'!#REF! -> #REF! | H4: ='MM volume and PL walletwise'!W5+'MM volume and PL walletwise'!#REF! -> #REF! | I4: ='MM volume and PL walletwise'!X5+'MM volume and PL walletwise'!#REF! -> #REF! | J4: ='MM volume and PL walletwise'!Y5+'MM volume and PL walletwise'!#REF! -> #REF! | K4: ='MM volume and PL walletwise'!Z5+'MM volume and PL walletwise'!#REF! -> #REF! | L4: ='MM volume and PL walletwise'!AA5+'MM volume and PL walletwise'!#REF! -> #REF! | M4: ='MM volume and PL walletwise'!AC5+'MM volume and PL walletwise'!#REF! -> #REF! | N4: ='MM volume and PL walletwise'!AE5+'MM volume and PL walletwise'!#REF! -> #REF!
A5: 45965 | B5: 227.925 | C5: 7.735e-06 | D5: ='MM volume and PL walletwise'!S6+'MM volume and PL walletwise'!#REF! -> #REF! | E5: ='MM volume and PL walletwise'!T6+'MM volume and PL walletwise'!#REF! -> #REF! | F5: ='MM volume and PL walletwise'!U6+'MM volume and PL walletwise'!#REF! -> #REF! | G5: ='MM volume and PL walletwise'!V6+'MM volume and PL walletwise'!#REF! -> #REF! | H5: ='MM volume and PL walletwise'!W6+'MM volume and PL walletwise'!#REF! -> #REF! | I5: ='MM volume and PL walletwise'!X6+'MM volume and PL walletwise'!#REF! -> #REF! | J5: ='MM volume and PL walletwise'!Y6+'MM volume and PL walletwise'!#REF! -> #REF! | K5: ='MM volume and PL walletwise'!Z6+'MM volume and PL walletwise'!#REF! -> #REF! | L5: ='MM volume and PL walletwise'!AA6+'MM volume and PL walletwise'!#REF! -> #REF! | M5: ='MM volume and PL walletwise'!AC6+'MM volume and PL walletwise'!#REF! -> #REF! | N5: ='MM volume and PL walletwise'!AE6+'MM volume and PL walletwise'!#REF! -> #REF!
A6: 45966 | B6: 228.559 | C6: 7.557e-06 | D6: ='MM volume and PL walletwise'!S7+'MM volume and PL walletwise'!#REF! -> #REF! | E6: ='MM volume and PL walletwise'!T7+'MM volume and PL walletwise'!#REF! -> #REF! | F6: ='MM volume and PL walletwise'!U7+'MM volume and PL walletwise'!#REF! -> #REF! | G6: ='MM volume and PL walletwise'!V7+'MM volume and PL walletwise'!#REF! -> #REF! | H6: ='MM volume and PL walletwise'!W7+'MM volume and PL walletwise'!#REF! -> #REF! | I6: ='MM volume and PL walletwise'!X7+'MM volume and PL walletwise'!#REF! -> #REF! | J6: ='MM volume and PL walletwise'!Y7+'MM volume and PL walletwise'!#REF! -> #REF! | K6: ='MM volume and PL walletwise'!Z7+'MM volume and PL walletwise'!#REF! -> #REF! | L6: ='MM volume and PL walletwise'!AA7+'MM volume and PL walletwise'!#REF! -> #REF! | M6: ='MM volume and PL walletwise'!AC7+'MM volume and PL walletwise'!#REF! -> #REF! | N6: ='MM volume and PL walletwise'!AE7+'MM volume and PL walletwise'!#REF! -> #REF!
A7: 45967 | B7: 230.603 | C7: 7.347e-06 | D7: ='MM volume and PL walletwise'!S8+'MM volume and PL walletwise'!#REF! -> #REF! | E7: ='MM volume and PL walletwise'!T8+'MM volume and PL walletwise'!#REF! -> #REF! | F7: ='MM volume and PL walletwise'!U8+'MM volume and PL walletwise'!#REF! -> #REF! | G7: ='MM volume and PL walletwise'!V8+'MM volume and PL walletwise'!#REF! -> #REF! | H7: ='MM volume and PL walletwise'!W8+'MM volume and PL walletwise'!#REF! -> #REF! | I7: ='MM volume and PL walletwise'!X8+'MM volume and PL walletwise'!#REF! -> #REF! | J7: ='MM volume and PL walletwise'!Y8+'MM volume and PL walletwise'!#REF! -> #REF! | K7: ='MM volume and PL walletwise'!Z8+'MM volume and PL walletwise'!#REF! -> #REF! | L7: ='MM volume and PL walletwise'!AA8+'MM volume and PL walletwise'!#REF! -> #REF! | M7: ='MM volume and PL walletwise'!AC8+'MM volume and PL walletwise'!#REF! -> #REF! | N7: ='MM volume and PL walletwise'!AE8+'MM volume and PL walletwise'!#REF! -> #REF!
A8: 45968 | B8: 231.267 | C8: 7.413e-06 | D8: ='MM volume and PL walletwise'!S9+'MM volume and PL walletwise'!#REF! -> #REF! | E8: ='MM volume and PL walletwise'!T9+'MM volume and PL walletwise'!#REF! -> #REF! | F8: ='MM volume and PL walletwise'!U9+'MM volume and PL walletwise'!#REF! -> #REF! | G8: ='MM volume and PL walletwise'!V9+'MM volume and PL walletwise'!#REF! -> #REF! | H8: ='MM volume and PL walletwise'!W9+'MM volume and PL walletwise'!#REF! -> #REF! | I8: ='MM volume and PL walletwise'!X9+'MM volume and PL walletwise'!#REF! -> #REF! | J8: ='MM volume and PL walletwise'!Y9+'MM volume and PL walletwise'!#REF! -> #REF! | K8: ='MM volume and PL walletwise'!Z9+'MM volume and PL walletwise'!#REF! -> #REF! | L8: ='MM volume and PL walletwise'!AA9+'MM volume and PL walletwise'!#REF! -> #REF! | M8: ='MM volume and PL walletwise'!AC9+'MM volume and PL walletwise'!#REF! -> #REF! | N8: ='MM volume and PL walletwise'!AE9+'MM volume and PL walletwise'!#REF! -> #REF!
A9: 45969 | B9: 229.012 | C9: 7.401e-06 | D9: ='MM volume and PL walletwise'!S10+'MM volume and PL walletwise'!#REF! -> #REF! | E9: ='MM volume and PL walletwise'!T10+'MM volume and PL walletwise'!#REF! -> #REF! | F9: ='MM volume and PL walletwise'!U10+'MM volume and PL walletwise'!#REF! -> #REF! | G9: ='MM volume and PL walletwise'!V10+'MM volume and PL walletwise'!#REF! -> #REF! | H9: ='MM volume and PL walletwise'!W10+'MM volume and PL walletwise'!#REF! -> #REF! | I9: ='MM volume and PL walletwise'!X10+'MM volume and PL walletwise'!#REF! -> #REF! | J9: ='MM volume and PL walletwise'!Y10+'MM volume and PL walletwise'!#REF! -> #REF! | K9: ='MM volume and PL walletwise'!Z10+'MM volume and PL walletwise'!#REF! -> #REF! | L9: ='MM volume and PL walletwise'!AA10+'MM volume and PL walletwise'!#REF! -> #REF! | M9: ='MM volume and PL walletwise'!AC10+'MM volume and PL walletwise'!#REF! -> #REF! | N9: ='MM volume and PL walletwise'!AE10+'MM volume and PL walletwise'!#REF! -> #REF!
A10: 45970 | B10: 220.949 | C10: 7.392e-06 | D10: ='MM volume and PL walletwise'!S11+'MM volume and PL walletwise'!#REF! -> #REF! | E10: ='MM volume and PL walletwise'!T11+'MM volume and PL walletwise'!#REF! -> #REF! | F10: ='MM volume and PL walletwise'!U11+'MM volume and PL walletwise'!#REF! -> #REF! | G10: ='MM volume and PL walletwise'!V11+'MM volume and PL walletwise'!#REF! -> #REF! | H10: ='MM volume and PL walletwise'!W11+'MM volume and PL walletwise'!#REF! -> #REF! | I10: ='MM volume and PL walletwise'!X11+'MM volume and PL walletwise'!#REF! -> #REF! | J10: ='MM volume and PL walletwise'!Y11+'MM volume and PL walletwise'!#REF! -> #REF! | K10: ='MM volume and PL walletwise'!Z11+'MM volume and PL walletwise'!#REF! -> #REF! | L10: ='MM volume and PL walletwise'!AA11+'MM volume and PL walletwise'!#REF! -> #REF! | M10: ='MM volume and PL walletwise'!AC11+'MM volume and PL walletwise'!#REF! -> #REF! | N10: ='MM volume and PL walletwise'!AE11+'MM volume and PL walletwise'!#REF! -> #REF!
A11: 45971 | B11: 218.576 | C11: 7.456e-06 | D11: ='MM volume and PL walletwise'!S12+'MM volume and PL walletwise'!#REF! -> #REF! | E11: ='MM volume and PL walletwise'!T12+'MM volume and PL walletwise'!#REF! -> #REF! | F11: ='MM volume and PL walletwise'!U12+'MM volume and PL walletwise'!#REF! -> #REF! | G11: ='MM volume and PL walletwise'!V12+'MM volume and PL walletwise'!#REF! -> #REF! | H11: ='MM volume and PL walletwise'!W12+'MM volume and PL walletwise'!#REF! -> #REF! | I11: ='MM volume and PL walletwise'!X12+'MM volume and PL walletwise'!#REF! -> #REF! | J11: ='MM volume and PL walletwise'!Y12+'MM volume and PL walletwise'!#REF! -> #REF! | K11: ='MM volume and PL walletwise'!Z12+'MM volume and PL walletwise'!#REF! -> #REF! | L11: ='MM volume and PL walletwise'!AA12+'MM volume and PL walletwise'!#REF! -> #REF! | M11: ='MM volume and PL walletwise'!AC12+'MM volume and PL walletwise'!#REF! -> #REF! | N11: ='MM volume and PL walletwise'!AE12+'MM volume and PL walletwise'!#REF! -> #REF!
A12: 45972 | B12: 183.425 | C12: 7.517e-06 | D12: ='MM volume and PL walletwise'!S13+'MM volume and PL walletwise'!#REF! -> #REF! | E12: ='MM volume and PL walletwise'!T13+'MM volume and PL walletwise'!#REF! -> #REF! | F12: ='MM volume and PL walletwise'!U13+'MM volume and PL walletwise'!#REF! -> #REF! | G12: ='MM volume and PL walletwise'!V13+'MM volume and PL walletwise'!#REF! -> #REF! | H12: ='MM volume and PL walletwise'!W13+'MM volume and PL walletwise'!#REF! -> #REF! | I12: ='MM volume and PL walletwise'!X13+'MM volume and PL walletwise'!#REF! -> #REF! | J12: ='MM volume and PL walletwise'!Y13+'MM volume and PL walletwise'!#REF! -> #REF! | K12: ='MM volume and PL walletwise'!Z13+'MM volume and PL walletwise'!#REF! -> #REF! | L12: ='MM volume and PL walletwise'!AA13+'MM volume and PL walletwise'!#REF! -> #REF! | M12: ='MM volume and PL walletwise'!AC13+'MM volume and PL walletwise'!#REF! -> #REF! | N12: ='MM volume and PL walletwise'!AE13+'MM volume and PL walletwise'!#REF! -> #REF!
A13: 45973 | B13: 197.244 | C13: 7.569e-06 | D13: ='MM volume and PL walletwise'!S14+'MM volume and PL walletwise'!#REF! -> #REF! | E13: ='MM volume and PL walletwise'!T14+'MM volume and PL walletwise'!#REF! -> #REF! | F13: ='MM volume and PL walletwise'!U14+'MM volume and PL walletwise'!#REF! -> #REF! | G13: ='MM volume and PL walletwise'!V14+'MM volume and PL walletwise'!#REF! -> #REF! | H13: ='MM volume and PL walletwise'!W14+'MM volume and PL walletwise'!#REF! -> #REF! | I13: ='MM volume and PL walletwise'!X14+'MM volume and PL walletwise'!#REF! -> #REF! | J13: ='MM volume and PL walletwise'!Y14+'MM volume and PL walletwise'!#REF! -> #REF! | K13: ='MM volume and PL walletwise'!Z14+'MM volume and PL walletwise'!#REF! -> #REF! | L13: ='MM volume and PL walletwise'!AA14+'MM volume and PL walletwise'!#REF! -> #REF! | M13: ='MM volume and PL walletwise'!AC14+'MM volume and PL walletwise'!#REF! -> #REF! | N13: ='MM volume and PL walletwise'!AE14+'MM volume and PL walletwise'!#REF! -> #REF!
... A29: 45989 | B29: 203.249 | C29: 8.924e-06 | D29: ='MM volume and PL walletwise'!S30+'MM volume and PL walletwise'!#REF! -> #REF! | E29: ='MM volume and PL walletwise'!T30+'MM volume and PL walletwise'!#REF! -> #REF! | F29: ='MM volume and PL walletwise'!U30+'MM volume and PL walletwise'!#REF! -> #REF! | G29: ='MM volume and PL walletwise'!V30+'MM volume and PL walletwise'!#REF! -> #REF! | H29: ='MM volume and PL walletwise'!W30+'MM volume and PL walletwise'!#REF! -> #REF! | I29: ='MM volume and PL walletwise'!X30+'MM volume and PL walletwise'!#REF! -> #REF! | J29: ='MM volume and PL walletwise'!Y30+'MM volume and PL walletwise'!#REF! -> #REF! | K29: ='MM volume and PL walletwise'!Z30+'MM volume and PL walletwise'!#REF! -> #REF! | L29: ='MM volume and PL walletwise'!AA30+'MM volume and PL walletwise'!#REF! -> #REF! | M29: ='MM volume and PL walletwise'!AC30+'MM volume and PL walletwise'!#REF! -> #REF! | N29: ='MM volume and PL walletwise'!AE30+'MM volume and PL walletwise'!#REF! -> #REF!
A30: 45990 | B30: 195.357 | C30: 9.085e-06 | D30: ='MM volume and PL walletwise'!#REF!+'MM volume and PL walletwise'!#REF! -> #REF! | E30: ='MM volume and PL walletwise'!#REF!+'MM volume and PL walletwise'!#REF! -> #REF! | F30: ='MM volume and PL walletwise'!#REF!+'MM volume and PL walletwise'!#REF! -> #REF! | G30: ='MM volume and PL walletwise'!#REF!+'MM volume and PL walletwise'!#REF! -> #REF! | H30: ='MM volume and PL walletwise'!#REF!+'MM volume and PL walletwise'!#REF! -> #REF! | I30: ='MM volume and PL walletwise'!#REF!+'MM volume and PL walletwise'!#REF! -> #REF! | J30: ='MM volume and PL walletwise'!#REF!+'MM volume and PL walletwise'!#REF! -> #REF! | K30: ='MM volume and PL walletwise'!#REF!+'MM volume and PL walletwise'!#REF! -> #REF! | ... N30: ='MM volume and PL walletwise'!#REF!+'MM volume and PL walletwise'!#REF! -> #REF!
A31: 45991 | B31: 190.998 | C31: 9.048e-06 | D31: ='MM volume and PL walletwise'!#REF!+'MM volume and PL walletwise'!#REF! -> #REF! | E31: ='MM volume and PL walletwise'!#REF!+'MM volume and PL walletwise'!#REF! -> #REF! | F31: ='MM volume and PL walletwise'!#REF!+'MM volume and PL walletwise'!#REF! -> #REF! | G31: ='MM volume and PL walletwise'!#REF!+'MM volume and PL walletwise'!#REF! -> #REF! | H31: ='MM volume and PL walletwise'!#REF!+'MM volume and PL walletwise'!#REF! -> #REF! | I31: ='MM volume and PL walletwise'!#REF!+'MM volume and PL walletwise'!#REF! -> #REF! | J31: ='MM volume and PL walletwise'!#REF!+'MM volume and PL walletwise'!#REF! -> #REF! | K31: ='MM volume and PL walletwise'!#REF!+'MM volume and PL walletwise'!#REF! -> #REF! | ... N31: ='MM volume and PL walletwise'!#REF!+'MM volume and PL walletwise'!#REF! -> #REF!

Sheet MM volume and PL walletwise
R1: RWA TOKEN COINX W1: 9N2gWYrNkbDCekkjA3NzgPuKrBz4dtHJFd4by6pdPhtM | AG1: RWA TOKEN COINX W2: E58mYFPjZJTcofQ6SDvjFC6Gse7fP8HzMbYoHAcWzFVM | AV1: RWA TOKEN HOODX W1: 5p7Ng6yMxXJpUV88zmkn7tscfHXGfwmvjnNyvfs7EeM1 | BK1: RWA TOKEN HOODX W2: HNtq33qLPmg1WuVTDVnKNpGBF4WpKHYudokySaokLbkT | BZ1: RWA TOKEN NVADA W1: F7hRiHqiKLnLy4Ac8MqL25j3BjY6zFsmgyexDs68CJLd | CO1: RWA TOKEN NVADA W2: GiucUuNCVJjwUHoKou6vkub8sGwJ87Vn2TbgUCPKysih | DD1: RWA TOKEN GOLDX W1: Em86CXDqv3zgJ5LSVk9R7qiTjnjs3SMnnpRoZ1Qf22Up | DS1: RWA TOKEN GOLDX W2: BPRXLpfwu5t8msAimCTxS1YCio11SFRPkRC3QquATwR1 | EH1: RWA TOKEN TESLA W1: 5DcA9dXb8ui3q4WJX5erp7niZrEwZmvtp631RQ79hcHd | EW1: RWA TOKEN TESLA W2: 9iBv3p4PoVq9z5sfew8X6MshESjbz4eKbTKmZwde9wem | FL1: RWA TOKEN PUMP W1: 297uWXCxwsZ2chYqe1RnQrWJYwpqddhsepdkCqV61MJU | GA1: RWA TOKEN PUMP W2: Cgj5KsSuMWUoKz4vrfshbdregoRmWvzALK7nzsCgbiQn | GP1: RWA TOKEN TRUMPX W1: FY4yaWTEoNjwFf2ZT8f69HJYVV4EXVgcQZr1caQCKywx | HE1: RWA TOKEN TRUMPX W2: BxezKiMMjoP9FuvHFWCzcsieEb9CZMDHDtoBcBPvSvXJ | HT1: RWA TOKEN QQQX W1: 9mnYf2EHLK9o57gQGdTHK6nUG1iZ213GaeKHJMjZTEMK | II1: RWA TOKEN QQQX W2: CotcqVgrV1jkBbmp8ZwSVQFp6Jazt3KdhN77ryvBipts | IX1: RWA TOKEN MSTRX W1: GE6QXG4b2RcKC2w1H8pqt38dYpABHJHKBNqkvrd92dHn | JM1: RWA TOKEN MSTRX W2: 5ApumhYiTozrA5P17SUZt567tUtDy4rbwoujc2fkBWDk | KB1: RWA TOKEN SPYRIDLE W1: Ey64tdGjU77HQhM85SmCWgA5AaPZuxFusWNnHD3kzhh8 | KQ1: RWA TOKEN SPYRIDLE W2: AeppnyrZ6t9EdzLoRzjWqdFRjQdDjVWFxCq5kAba2AzE | LF1: RWA TOKEN CRCLXIDLE W1: 8HWaTRUfnWdzcVxzHihunrN52nivLe7x3QXNA9Lhw3HE | LU1: RWA TOKEN CRCLXIDLE W2: E2rqXqTo68ALfDw9QoV5Qg55qgS9FeoZwpTS4AqT4yXL | MJ1: RWA TOKEN GOOGLXIDLE W1: Giu5jpTs23wodEgNwKeWRY689gBXc1ZwkpT2nf3qnLqt | MY1: RWA TOKEN GOOGLXIDLE W2: 9nXk7f58tRXLuNwRjuY5pFjegTtuvmfr8EsNzWWkhJd8 | NN1: RWA TOKEN PENGUIDLE W1: EsD4rJ6Dhhz7vSv98kKS49sUVMabcBhBRHYShhL7CPbb | OC1: RWA TOKEN PENGUIDLE W2: AoYwXgDU9PDiKnFu1vJBma1wDERQYBfJzTRjZeiaVZcj
A2: DATE | B2: COINX AVG PRICE | C2: HOODX AVG PRICE | D2: NVADAX AVG PRICE | E2: GOLDX AVG PRICE | F2: TESLAX AVG PRICE | G2: PUMP AVG PRICE | H2: TRUMP AVG PRICE | I2: QQQX AVG PRICE | J2: MSTRX AVG PRICE | K2: SPYRIDLE AVG PRICE | L2: CRCLXIDLE AVG PRICE | M2: GOOGLXIDLE AVG PRICE | N2: PENGUIDLE AVG PRICE | O2: SOLONA AVG PRICE | P2: IDLEMINE AVG PRICE | R2: DATE | S2: BOUGHT TOKENS | T2: BOUGHT VOLUME | U2: SOLD TOKENS | V2: SOLD VOLUME | W2: TOTAL VOLUME | X2: TRANSACTION FEE | Y2: POSTION TOKENS | Z2: POSITION VALUE | AA2: COINX IN | AB2: COINX IN VALUE | AC2: COINX OUT | AD2: COINX OUT VALUE | AE2: NET TOKEN VALUE | AG2: DATE | AH2: BOUGHT TOKENS | AI2: BOUGHT VOLUME | AJ2: SOLD TOKENS | AK2: SOLD VOLUME | AL2: TOTAL VOLUME | AM2: TRANSACTION FEE | AN2: POSTION TOKENS | AO2: POSITION VALUE | AP2: COINX IN | AQ2: COINX IN VALUE | AR2: COINX OUT | AS2: COINX OUT VALUE | AT2: NET TOKEN. VALUE | AV2: DATE | AW2: BOUGHT TOKENS | AX2: BOUGHT VOLUME | AY2: SOLD TOKENS | AZ2: SOLD VOLUME | BA2: TOTAL VOLUME | BB2: TRANSACTION FEE | BC2: POSTION TOKENS | BD2: POSITION VALUE | BE2: HOODX IN | BF2: HOODX IN VALUE | BG2: HOODX OUT | BH2: HOODX OUT VALUE | BI2: NET TOKEN. VALUE | BK2: DATE | BL2: BOUGHT TOKENS | BM2: BOUGHT VOLUME | BN2: SOLD TOKENS | BO2: SOLD VOLUME | BP2: TOTAL VOLUME | BQ2: TRANSACTION FEE | BR2: POSTION TOKENS | BS2: POSITION VALUE | BT2: HOODX IN | BU2: HOODX IN VALUE | BV2: HOODX OUT | BW2: HOODX OUT VALUE | BX2: NET TOKEN VALUE | BZ2: DATE | CA2: BOUGHT TOKENS | CB2: BOUGHT VOLUME | CC2: SOLD TOKENS | CD2: SOLD VOLUME | CE2: TOTAL VOLUME | CF2: TRANSACTION FEE | CG2: POSTION TOKENS | CH2: POSITION VALUE | CI2: NVADA IN | CJ2: NVADA IN VALUE | CK2: NVADA OUT | CL2: NVADA OUT VALUE | CM2: NET TOKEN VALUE | CO2: DATE | CP2: BOUGHT TOKENS | CQ2: BOUGHT VOLUME | CR2: SOLD TOKENS | CS2: SOLD VOLUME | CT2: TOTAL VOLUME | CU2: TRANSACTION FEE | CV2: POSTION TOKENS | CW2: POSITION VALUE | CX2: NVADA IN | CY2: NVADA IN VALUE | CZ2: NVADA OUT | DA2: NVADA OUT VALUE | DB2: NET TOKEN VALUE | DD2: DATE | DE2: BOUGHT TOKENS | DF2: BOUGHT VOLUME | DG2: SOLD TOKENS | DH2: SOLD VOLUME | DI2: TOTAL VOLUME | DJ2: TRANSACTION FEE | DK2: POSTION TOKENS | DL2: POSITION VALUE | DM2: GOLDX IN | DN2: GOLDX IN VALUE | DO2: GOLDX OUT | DP2: GOLDX OUT VALUE | DQ2: NET TOKEN VALUE | DS2: DATE | DT2: BOUGHT TOKENS | DU2: BOUGHT VOLUME | DV2: SOLD TOKENS | DW2: SOLD VOLUME | DX2: TOTAL VOLUME | DY2: TRANSACTION FEE | DZ2: POSTION TOKENS | EA2: POSITION VALUE | EB2: GOLDX IN | EC2: GOLDX IN VALUE | ED2: GOLDX OUT | EE2: GOLDXX OUT VALUE | EF2: NET TOKEN VALUE | EH2: DATE | EI2: BOUGHT TOKENS | EJ2: BOUGHT VOLUME | EK2: SOLD TOKENS | EL2: SOLD VOLUME | EM2: TOTAL VOLUME | EN2: TRANSACTION FEE | EO2: POSTION TOKENS | EP2: POSITION VALUE | EQ2: TESLA IN | ER2: TESLA IN VALUE | ES2: TESLA OUT | ET2: TESLA OUT VALUE | EU2: NET TOKEN VALUE | EW2: DATE | EX2: BOUGHT TOKENS | EY2: BOUGHT VOLUME | EZ2: SOLD TOKENS | FA2: SOLD VOLUME | FB2: TOTAL VOLUME | FC2: TRANSACTION FEE | FD2: POSTION TOKENS | FE2: POSITION VALUE | FF2: TESLA IN | FG2: TESLA IN VALUE | FH2: TESLA OUT | FI2: TESLA OUT VALUE | FJ2: NET TOKEN VALUE | FL2: DATE | FM2: BOUGHT TOKENS | FN2: BOUGHT VOLUME | FO2: SOLD TOKENS | FP2: SOLD VOLUME | FQ2: TOTAL VOLUME | FR2: TRANSACTION FEE | FS2: POSTION TOKENS | FT2: POSITION VALUE | FU2: PUMPX IN | FV2: PUMPX IN VALUE | FW2: PUMPX OUT | FX2: PUMPX OUT VALUE | FY2: NET TOKEN VALUE | GA2: DATE | GB2: BOUGHT TOKENS | GC2: BOUGHT VOLUME | GD2: SOLD TOKENS | GE2: SOLD VOLUME | GF2: TOTAL VOLUME | GG2: TRANSACTION FEE | GH2: POSTION TOKENS | GI2: POSITION VALUE | GJ2: PUMPX IN | GK2: PUMPX IN VALUE | GL2: PUMPX OUT | GM2: PUMPX OUT VALUE | GN2: NET TOKEN VALUE | GP2: DATE | GQ2: BOUGHT TOKENS | GR2: BOUGHT VOLUME | GS2: SOLD TOKENS | GT2: SOLD VOLUME | GU2: TOTAL VOLUME | GV2: TRANSACTION FEE | GW2: POSTION TOKENS | GX2: POSITION VALUE | GY2: TRUMP IN | GZ2: TRUMP IN VALUE | HA2: TRUMP OUT | HB2: TRUMP OUT VALUE | HC2: NET TOKEN VALUE | HE2: DATE | HF2: BOUGHT TOKENS | HG2: BOUGHT VOLUME | HH2: SOLD TOKENS | HI2: SOLD VOLUME | HJ2: TOTAL VOLUME | HK2: TRANSACTION FEE | HL2: POSTION TOKENS | HM2: POSITION VALUE | HN2: TRUMP IN | HO2: TRUMP IN VALUE | HP2: TRUMP OUT | HQ2: TRUMP OUT VALUE | HR2: NET TOKEN VALUE | HT2: DATE | HU2: BOUGHT TOKENS | HV2: BOUGHT VOLUME | HW2: SOLD TOKENS | HX2: SOLD VOLUME | HY2: TOTAL VOLUME | HZ2: TRANSACTION FEE | IA2: POSTION TOKENS | IB2: POSITION VALUE | IC2: QQQX IN | ID2: QQQX IN VALUE | IE2: QQQX OUT | IF2: QQQX OUT VALUE | IG2: NET TOKEN VALUE | II2: DATE | IJ2: BOUGHT TOKENS | IK2: BOUGHT VOLUME | IL2: SOLD TOKENS | IM2: SOLD VOLUME | IN2: TOTAL VOLUME | IO2: TRANSACTION FEE | IP2: POSTION TOKENS | IQ2: POSITION VALUE | IR2: QQQX IN | IS2: QQQX IN VALUE | IT2: QQQX OUT | IU2: QQQX OUT VALUE | IV2: NET TOKEN VALUE | IX2: DATE | IY2: BOUGHT TOKENS | IZ2: BOUGHT VOLUME | JA2: SOLD TOKENS | JB2: SOLD VOLUME | JC2: TOTAL VOLUME | JD2: TRANSACTION FEE | JE2: POSTION TOKENS | JF2: POSITION VALUE | JG2: MSTRX IN | JH2: MSTRX IN VALUE | JI2: MSTRX OUT | JJ2: MSTRX OUT VALUE | JK2: NET TOKEN VALUE | JM2: DATE | JN2: BOUGHT TOKENS | JO2: BOUGHT VOLUME | JP2: SOLD TOKENS | JQ2: SOLD VOLUME | JR2: TOTAL VOLUME | JS2: TRANSACTION FEE | JT2: POSTION TOKENS | JU2: POSITION VALUE | JV2: MSTRX IN | JW2: MSTRX IN VALUE | JX2: MSTRX OUT | JY2: MSTRX OUT VALUE | JZ2: NET TOKEN VALUE | KB2: DATE | KC2: BOUGHT TOKENS | KD2: BOUGHT VOLUME | KE2: SOLD TOKENS | KF2: SOLD VOLUME | KG2: TOTAL VOLUME | KH2: TRANSACTION FEE | KI2: POSTION TOKENS | KJ2: POSITION VALUE | KK2: SPYRIDLE IN | KL2: SPYRIDLE IN VALUE | KM2: SPYRIDLE OUT | KN2: SPYRIDLE OUT VALUE | KO2: NET TOKEN VALUE | KQ2: DATE | KR2: BOUGHT TOKENS | KS2: BOUGHT VOLUME | KT2: SOLD TOKENS | KU2: SOLD VOLUME | KV2: TOTAL VOLUME | KW2: TRANSACTION FEE | KX2: POSTION TOKENS | KY2: POSITION VALUE | KZ2: SPYRIDLE IN | LA2: SPYRIDLE IN VALUE | LB2: SPYRIDLE OUT | LC2: SPYRIDLE OUT VALUE | LD2: NET TOKEN VALUE | LF2: DATE | LG2: BOUGHT TOKENS | LH2: BOUGHT VOLUME | LI2: SOLD TOKENS | LJ2: SOLD VOLUME | LK2: TOTAL VOLUME | LL2: TRANSACTION FEE | LM2: POSTION TOKENS | LN2: POSITION VALUE | LO2: CRCLXIDLE IN | LP2: CRCLIDLE IN VALUE | LQ2: CRCLXIDLE OUT | LR2: CRCLXIDLE OUT VALUE | LS2: NET TOKEN VALUE | LU2: DATE | LV2: BOUGHT TOKENS | LW2: BOUGHT VOLUME | LX2: SOLD TOKENS | LY2: SOLD VOLUME | LZ2: TOTAL VOLUME | MA2: TRANSACTION FEE | MB2: POSTION TOKENS | MC2: POSITION VALUE | MD2: CRCLXIDLE IN | ME2: CRCLXIDLE IN VALUE | MF2: CRCLXIDLE OUT | MG2: CRCLXIDLE OUT VALUE | MH2: NET TOKEN VALUE | MJ2: DATE | MK2: BOUGHT TOKENS | ML2: BOUGHT VOLUME | MM2: SOLD TOKENS | MN2: SOLD VOLUME | MO2: TOTAL VOLUME | MP2: TRANSACTION FEE | MQ2: POSTION TOKENS | MR2: POSITION VALUE | MS2: GOOGLXIDLE IN | MT2: GOOGLXIDLE IN VALUE | MU2: GOOGLXIDLE OUT | MV2: GOOGLXIDLE OUT VALUE | MW2: NET TOKEN VALUE | MY2: DATE | MZ2: BOUGHT TOKENS | NA2: BOUGHT VOLUME | NB2: SOLD TOKENS | NC2: SOLD VOLUME | ND2: TOTAL VOLUME | NE2: TRANSACTION FEE | NF2: POSTION TOKENS | NG2: POSITION VALUE | NH2: GOOGLXIDE IN | NI2: GOOGLXIDLE IN VALUE | NJ2: GOOGLXIDLE OUT | NK2: GOOGLXIDLE OUT VALUE | NL2: NET TOKEN VALUE | NN2: DATE | NO2: BOUGHT TOKENS | NP2: BOUGHT VOLUME | NQ2: SOLD TOKENS | NR2: SOLD VOLUME | NS2: TOTAL VOLUME | NT2: TRANSACTION FEE | NU2: POSTION TOKENS | NV2: POSITION VALUE | NW2: PENGUIDLE IN | NX2: PENGUIDLE IN VALUE | NY2: PENGUIDLE OUT | NZ2: PENGUIDLE OUT VALUE | OA2: NET TOKEN VALUE | OC2: DATE | OD2: BOUGHT TOKENS | OE2: BOUGHT VOLUME | OF2: SOLD TOKENS | OG2: SOLD VOLUME | OH2: TOTAL VOLUME | OI2: TRANSACTION FEE | OJ2: POSTION TOKENS | OK2: POSITION VALUE | OL2: PENGUIDLE IN | OM2: PENGUIDLE IN VALUE | ON2: PENGUIDLE OUT | OO2: PENGUIDLE OUT VALUE | OP2: NET TOKEN VALUE
A3: 46054 | B3: 188.56 | C3: 98.61 | D3: 188.6 | E3: 449.93 | F3: 425.77 | G3: 0.00256 | H3: 4.139 | I3: 621.16 | J3: 134.69 | K3: 695.49 | L3: 61.79 | M3: 335.38 | N3: 0.00753 | O3: 105.054 | P3: 2.918e-05 | R3: 46054 | S3: 841554.52 | T3: =S3*P3*O3 -> 2579.765 | U3: 842801.98 | V3: =U3*P3*O3 -> 2583.589 | W3: =T3+V3 -> 5163.354 | Y3: =S3-U3 -> -1247.4589 | Z3: =Y3*P3*O3 -> -3.824055 | AA3: 13.492004 | AB3: =AA3*B3 -> 2544.0522 | AC3: 13.743678 | AD3: =AC3*B3 -> 2591.5079 | AE3: =(AA3-AC3)*B3 -> -47.455732 | AG3: 46054 | AH3: 801725.94 | AI3: =AH3*P3*O3 -> 2457.6714 | AJ3: 822310.13 | AK3: =AJ3*P3*O3 -> 2520.7717 | AL3: =AI3+AK3 -> 4978.4431 | AN3: =AH3-AJ3 -> -20584.196 | AO3: =AN3*P3*O3 -> -63.100354 | AP3: 13.159427 | AQ3: =AP3*B3 -> 2481.3415 | AR3: 13.093303 | AS3: =AR3*B3 -> 2468.8731 | AT3: =(AP3-AR3)*B3 -> 12.468357 | AV3: 46054 | AW3: 814528.07 | AX3: =AW3*P3*O3 -> 2496.916 | AY3: 839429.38 | AZ3: =AY3*P3*O3 -> 2573.2504 | BA3: =AX3+AZ3 -> 5070.1664 | BC3: =AW3-AY3 -> -24901.316 | BD3: =BC3*P3*O3 -> -76.334379 | BE3: 25.665842 | BF3: =BE3*C3 -> 2530.9086 | BG3: 25.408933 | BH3: =BG3*C3 -> 2505.5749 | BI3: =(BE3-BG3)*C3 -> 25.333769 | BK3: 46054 | BL3: 771274.83 | BM3: =BL3*P3*O3 -> 2364.3243 | BN3: 786440.72 | BO3: =BN3*P3*O3 -> 2410.8149 | BP3: =BM3+BO3 -> 4775.1392 | BR3: =BL3-BN3 -> -15165.885 | BS3: =BR3*P3*O3 -> -46.490653 | BT3: 24.043968 | BU3: =BT3*C3 -> 2370.9757 | BV3: 24.062598 | BW3: =BV3*C3 -> 2372.8128 | BX3: =(BT3-BV3)*C3 -> -1.8370451 | BZ3: 46054 | CA3: 820152.52 | CB3: =CA3*P3*O3 -> 2514.1576 | CC3: 826254.03 | CD3: =CC3*P3*O3 -> 2532.8617 | CE3: =CB3+CD3 -> 5047.0193 | CG3: =CA3-CC3 -> -6101.5085 | CH3: =CG3*P3*O3 -> -18.704026 | CI3: 13.208321 | CJ3: =CI3*D3 -> 2491.0894 | CK3: 13.37928 | CL3: =CK3*D3 -> 2523.3323 | CM3: =(CI3-CK3)*D3 -> -32.24289 | CO3: 46054 | CP3: 822968.18 | CQ3: =CP3*P3*O3 -> 2522.789 | CR3: 841394.69 | CS3: =CR3*P3*O3 -> 2579.275 | CT3: =CQ3+CS3 -> 5102.0639 | CV3: =CP3-CR3 -> -18426.509 | CW3: =CV3*P3*O3 -> -56.486017 | CX3: 13.451798 | CY3: =CX3*D3 -> 2537.009 | CZ3: 13.426632 | DA3: =CZ3*D3 -> 2532.2628 | DB3: =(CX3-CZ3)*D3 -> 4.7462227 | DD3: 46054 | DE3: 836753.88 | DF3: =DE3*P3*O3 -> 2565.0487 | DG3: 845718.84 | DH3: =DG3*P3*O3 -> 2592.5306 | DI3: =DF3+DH3 -> 5157.5793 | DK3: =DE3-DG3 -> -8964.9669 | DL3: =DK3*P3*O3 -> -27.481888 | DM3: 5.6892393 | DN3: =DM3*E3 -> 2559.7594 | DO3: 5.7438477 | DP3: =DO3*E3 -> 2584.3294 | DQ3: =(DM3-DO3)*E3 -> -24.569962 | DS3: 46054 | DT3: 822282.75 | DU3: =DT3*P3*O3 -> 2520.6878 | DV3: 842663.29 | DW3: =DV3*P3*O3 -> 2583.1639 | DX3: =DU3+DW3 -> 5103.8516 | DZ3: =DT3-DV3 -> -20380.544 | EA3: =DZ3*P3*O3 -> -62.476063 | EB3: 5.6687764 | EC3: =EB3*E3 -> 2550.5526 | ED3: 5.6455877 | EE3: =ED3*E3 -> 2540.1193 | EF3: =(EB3-ED3)*E3 -> 10.433323 | EH3: 46054 | EI3: 2338214 | EJ3: =EI3*P3*O3 -> 7167.7382 | EK3: 2385035 | EL3: =EK3*P3*O3 -> 7311.2669 | EM3: =EJ3+EL3 -> 14479.005 | EO3: =EI3-EK3 -> -46821 | EP3: =EO3*P3*O3 -> -143.52864 | EQ3: 16.97736 | ER3: =EQ3*F3 -> 7228.4506 | ES3: 16.72719 | ET3: =ES3*F3 -> 7121.9357 | EU3: =(EQ3-ES3)*F3 -> 106.51488 | EW3: 46054 | EX3: 2222785 | EY3: =EX3*P3*O3 -> 6813.8934 | EZ3: 2238490 | FA3: =EZ3*P3*O3 -> 6862.0367 | FB3: =EY3+FA3 -> 13675.93 | FD3: =EX3-EZ3 -> -15705 | FE3: =FD3*P3*O3 -> -48.143296 | FF3: 15.92422 | FG3: =FF3*F3 -> 6780.0551 | FH3: 15.90518 | FI3: =FH3*F3 -> 6771.9485 | FJ3: =(FF3-FH3)*F3 -> 8.1066608 | FL3: 46054 | FM3: 639626.5 | FN3: =FM3*P3*O3 -> 1960.7595 | FO3: 614210.5 | FP3: =FO3*P3*O3 -> 1882.8474 | FQ3: =FN3+FP3 -> 3843.6069 | FS3: =FM3-FO3 -> 25416 | FT3: =FS3*P3*O3 -> 77.912131 | FU3: 699754.5 | FV3: =FU3*G3 -> 1791.3715 | FW3: 759130.4 | FX3: =FW3*G3 -> 1943.3738 | FY3: =(FU3-FW3)*G3 -> -152.0023 | GA3: 46054 | GB3: 626233.6 | GC3: =GB3*P3*O3 -> 1919.7039 | GD3: 613254 | GE3: =GD3*P3*O3 -> 1879.9152 | GF3: =GC3+GE3 -> 3799.6191 | GH3: =GB3-GD3 -> 12979.6 | GI3: =GH3*P3*O3 -> 39.788649 | GJ3: 698789.1 | GK3: =GJ3*G3 -> 1788.9001 | GL3: 743332.6 | GM3: =GL3*G3 -> 1902.9315 | GN3: =(GJ3-GL3)*G3 -> -114.03136 | GP3: 46054 | GQ3: 644692.9 | GR3: =GQ3*P3*O3 -> 1976.2904 | GS3: 630705.4 | GT3: =GS3*P3*O3 -> 1933.4121 | GU3: =GR3+GT3 -> 3909.7025 | GW3: =GQ3-GS3 -> 13987.5 | GX3: =GW3*P3*O3 -> 42.878342 | GY3: 443.9147 | GZ3: =GY3*H3 -> 1837.3629 | HA3: 472.4171 | HB3: =HA3*H3 -> 1955.3344 | HC3: =(GY3-HA3)*H3 -> -117.97143 | HE3: 46054 | HF3: 640135.3 | HG3: =HF3*P3*O3 -> 1962.3192 | HH3: 618652.8 | HI3: =HH3*P3*O3 -> 1896.4651 | HJ3: =HG3+HI3 -> 3858.7844 | HL3: =HF3-HH3 -> 21482.5 | HM3: =HL3*P3*O3 -> 65.854082 | HN3: 435.2707 | HO3: =HN3*H3 -> 1801.5854 | HP3: 469.1121 | HQ3: =HP3*H3 -> 1941.655 | HR3: =(HN3-HP3)*H3 -> -140.06955 | HT3: 46054 | HV3: =HU3*P3*O3 -> 0 | HX3: =HW3*P3*O3 -> 0 | HY3: =HV3+HX3 -> 0 | IA3: =HU3-HW3 -> 0 | IB3: =IA3*P3*O3 -> 0 | ID3: =IC3*I3 -> 0 | IF3: =IE3*I3 -> 0 | IG3: =(IC3-IE3)*I3 -> 0 | II3: 46054 | IK3: =IJ3*P3*O3 -> 0 | IM3: =IL3*P3*O3 -> 0 | IN3: =IK3+IM3 -> 0 | IP3: =IJ3-IL3 -> 0 | IQ3: =IP3*P3*O3 -> 0 | IS3: =IR3*I3 -> 0 | IU3: =IT3*I3 -> 0 | IV3: =(IR3-IT3)*I3 -> 0 | IX3: 46054 | IY3: 834131.6 | IZ3: =IY3*P3*O3 -> 2557.0102 | JA3: 836562.9 | JB3: =JA3*P3*O3 -> 2564.4633 | JC3: =IZ3+JB3 -> 5121.4734 | JE3: =IY3-JA3 -> -2431.3 | JF3: =JE3*P3*O3 -> -7.4530911 | JG3: 18.18262 | JH3: =JG3*J3 -> 2449.0171 | JI3: 18.49033 | JJ3: =JI3*J3 -> 2490.4625 | JK3: =(JG3-JI3)*J3 -> -41.44546 | JM3: 46054 | JN3: 809606.8 | JO3: =JN3*P3*O3 -> 2481.83 | JP3: 813071.7 | JQ3: =JP3*P3*O3 -> 2492.4516 | JR3: =JO3+JQ3 -> 4974.2815 | JT3: =JN3-JP3 -> -3464.9 | JU3: =JT3*P3*O3 -> -10.621567 | JV3: 17.66473 | JW3: =JV3*J3 -> 2379.2625 | JX3: 17.96052 | JY3: =JX3*J3 -> 2419.1024 | JZ3: =(JV3-JX3)*J3 -> -39.839955 | KB3: 46054 | KC3: 815146.38 | KD3: =KC3*P3*O3 -> 2498.8114 | KE3: 848168.89 | KF3: =KE3*P3*O3 -> 2600.0411 | KG3: =KD3+KF3 -> 5098.8526 | KI3: =KC3-KE3 -> -33022.505 | KJ3: =KI3*P3*O3 -> -101.22969 | KK3: 3.7638211 | KL3: =KK3*K3 -> 2617.6999 | KM3: 3.6903879 | KN3: =KM3*K3 -> 2566.6279 | KO3: =(KK3-KM3)*K3 -> 51.072035 | KQ3: 46054 | KR3: 799795.1 | KS3: =KR3*P3*O3 -> 2451.7524 | KT3: 797751.19 | KU3: =KT3*P3*O3 -> 2445.4869 | KV3: =KS3+KU3 -> 4897.2394 | KX3: =KR3-KT3 -> 2043.9055 | KY3: =KX3*P3*O3 -> 6.2655427 | KZ3: 3.5398742 | LA3: =KZ3*K3 -> 2461.9471 | LB3: 3.6212568 | LC3: =LB3*K3 -> 2518.5479 | LD3: =(KZ3-LB3)*K3 -> -56.600788 | LF3: 46054 | LG3: 833325.27 | LH3: =LG3*P3*O3 -> 2554.5384 | LI3: 824084.52 | LJ3: =LI3*P3*O3 -> 2526.2111 | LK3: =LH3+LJ3 -> 5080.7495 | LM3: =LG3-LI3 -> 9240.7578 | LN3: =LM3*P3*O3 -> 28.327319 | LO3: 40.073691 | LP3: =LO3*L3 -> 2476.1534 | LQ3: 41.338358 | LR3: =LQ3*L3 -> 2554.2971 | LS3: =(LO3-LQ3)*L3 -> -78.143768 | LU3: 46054 | LV3: 812761.82 | LW3: =LV3*P3*O3 -> 2491.5016 | LX3: 835632.22 | LY3: =LX3*P3*O3 -> 2561.6103 | LZ3: =LW3+LY3 -> 5053.1119 | MB3: =LV3-LX3 -> -22870.407 | MC3: =MB3*P3*O3 -> -70.108676 | MD3: 40.621065 | ME3: =MD3*L3 -> 2509.9756 | MF3: 40.317935 | MG3: =MF3*L3 -> 2491.2452 | MH3: =(MD3-MF3)*L3 -> 18.730454 | MJ3: 46054 | MK3: 811886.6 | ML3: =MK3*P3*O3 -> 2488.8187 | MM3: 821291.5 | MN3: =MM3*P3*O3 -> 2517.6492 | MO3: =ML3+MN3 -> 5006.4678 | MQ3: =MK3-MM3 -> -9404.9 | MR3: =MQ3*P3*O3 -> -28.830493 | MS3: 7.390996 | MT3: =MS3*M3 -> 2478.7922 | MU3: 7.454373 | MV3: =MU3*M3 -> 2500.0476 | MW3: =(MS3-MU3)*M3 -> -21.255378 | MY3: 46054 | MZ3: 776530.8 | NA3: =MZ3*P3*O3 -> 2380.4363 | NB3: 776992.2 | NC3: =NB3*P3*O3 -> 2381.8507 | ND3: =NA3+NC3 -> 4762.287 | NF3: =MZ3-NB3 -> -461.4 | NG3: =NF3*P3*O3 -> -1.4144105 | NH3: 6.991125 | NI3: =NH3*M3 -> 2344.6835 | NJ3: 7.128412 | NK3: =NJ3*M3 -> 2390.7268 | NL3: =(NH3-NJ3)*M3 -> -46.043314 | NN3: 46054 | NO3: 815211.2 | NP3: =NO3*P3*O3 -> 2499.0101 | NQ3: 813736.5 | NR3: =NQ3*P3*O3 -> 2494.4895 | NS3: =NP3+NR3 -> 4993.4996 | NU3: =NO3-NQ3 -> 1474.7 | NV3: =NU3*P3*O3 -> 4.520657 | NW3: 311958.8 | NX3: =NW3*N3 -> 2349.0498 | NY3: 325267.1 | NZ3: =NY3*N3 -> 2449.2613 | OA3: =(NW3-NY3)*N3 -> -100.2115 | OC3: 46054 | OD3: 800359.2 | OE3: =OD3*P3*O3 -> 2453.4817 | OF3: 784214.6 | OG3: =OF3*P3*O3 -> 2403.9908 | OH3: =OE3+OG3 -> 4857.4725 | OJ3: =OD3-OF3 -> 16144.6 | OK3: =OJ3*P3*O3 -> 49.490879 | OL3: 300340.9 | OM3: =OL3*N3 -> 2261.567 | ON3: 319412.8 | OO3: =ON3*N3 -> 2405.1784 | OP3: =(OL3-ON3)*N3 -> -143.61141
A4: 46055 | B4: 184.22 | C4: 95.8 | D4: 185.86 | E4: 417.3 | F4: 424.92 | G4: 0.0024 | H4: 4.27 | I4: 628.84 | J4: 141.84 | K4: 685.88 | L4: 61.29 | M4: 346.71 | N4: 0.00781 | O4: 99.596 | P4: 3.002e-05 | R4: 46055 | S4: 866861.57 | T4: =S4*P4*O4 -> 2591.8051 | U4: 873275.97 | V4: =U4*P4*O4 -> 2610.9833 | W4: =T4+V4 -> 5202.7884 | Y4: =S4-U4 -> -6414.3952 | Z4: =Y4*P4*O4 -> -19.17822 | AA4: 13.937149 | AB4: =AA4*B4 -> 2567.5015 | AC4: 14.115297 | AD4: =AC4*B4 -> 2600.32 | AE4: =(AA4-AC4)*B4 -> -32.818476 | AG4: 46055 | AH4: 875710.91 | AI4: =AH4*P4*O4 -> 2618.2635 | AJ4: 858340.74 | AK4: =AJ4*P4*O4 -> 2566.3289 | AL4: =AI4+AK4 -> 5184.5924 | AN4: =AH4-AJ4 -> 17370.17 | AO4: =AN4*P4*O4 -> 51.934583 | AP4: 13.697639 | AQ4: =AP4*B4 -> 2523.3791 | AR4: 14.262503 | AS4: =AR4*B4 -> 2627.4383 | AT4: =(AP4-AR4)*B4 -> -104.05921 | AV4: 46055 | AW4: 896156.03 | AX4: =AW4*P4*O4 -> 2679.3917 | AY4: 893735.84 | AZ4: =AY4*P4*O4 -> 2672.1557 | BA4: =AX4+AZ4 -> 5351.5474 | BC4: =AW4-AY4 -> 2420.1859 | BD4: =BC4*P4*O4 -> 7.2360458 | BE4: 28.389033 | BF4: =BE4*C4 -> 2719.6694 | BG4: 29.021731 | BH4: =BG4*C4 -> 2780.2819 | BI4: =(BE4-BG4)*C4 -> -60.612477 | BK4: 46055 | BL4: 848155.56 | BM4: =BL4*P4*O4 -> 2535.8765 | BN4: 854978.05 | BO4: =BN4*P4*O4 -> 2556.2749 | BP4: =BM4+BO4 -> 5092.1514 | BR4: =BL4-BN4 -> -6822.4885 | BS4: =BR4*P4*O4 -> -20.398367 | BT4: 27.152495 | BU4: =BT4*C4 -> 2601.2091 | BV4: 27.463329 | BW4: =BV4*C4 -> 2630.9869 | BX4: =(BT4-BV4)*C4 -> -29.777868 | BZ4: 46055 | CA4: 875326.14 | CB4: =CA4*P4*O4 -> 2617.113 | CC4: 867345.28 | CD4: =CC4*P4*O4 -> 2593.2513 | CE4: =CB4+CD4 -> 5210.3643 | CG4: =CA4-CC4 -> 7980.8569 | CH4: =CG4*P4*O4 -> 23.86174 | CI4: 13.805881 | CJ4: =CI4*D4 -> 2565.9611 | CK4: 14.212704 | CL4: =CK4*D4 -> 2641.5732 | CM4: =(CI4-CK4)*D4 -> -75.612119 | CO4: 46055 | CP4: 878085.3 | CQ4: =CP4*P4*O4 -> 2625.3626 | CR4: 883892.18 | CS4: =CR4*P4*O4 -> 2642.7244 | CT4: =CQ4+CS4 -> 5268.087 | CV4: =CP4-CR4 -> -5806.8829 | CW4: =CV4*P4*O4 -> -17.361836 | CX4: 14.067666 | CY4: =CX4*D4 -> 2614.6165 | CZ4: 14.258186 | DA4: =CZ4*D4 -> 2650.0264 | DB4: =(CX4-CZ4)*D4 -> -35.409917 | DD4: 46055 | DE4: 871187.27 | DF4: =DE4*P4*O4 -> 2604.7384 | DG4: 887965.46 | DH4: =DG4*P4*O4 -> 2654.903 | DI4: =DF4+DH4 -> 5259.6414 | DK4: =DE4-DG4 -> -16778.186 | DL4: =DK4*P4*O4 -> -50.164628 | DM4: 6.1741795 | DN4: =DM4*E4 -> 2576.4851 | DO4: 6.1793716 | DP4: =DO4*E4 -> 2578.6518 | DQ4: =(DM4-DO4)*E4 -> -2.1666842 | DS4: 46055 | DT4: 865979.06 | DU4: =DT4*P4*O4 -> 2589.1665 | DV4: 881923.76 | DW4: =DV4*P4*O4 -> 2636.8391 | DX4: =DU4+DW4 -> 5226.0055 | DZ4: =DT4-DV4 -> -15944.698 | EA4: =DZ4*P4*O4 -> -47.672604 | EB4: 6.1321148 | EC4: =EB4*E4 -> 2558.9315 | ED4: 6.1455366 | EE4: =ED4*E4 -> 2564.5324 | EF4: =(EB4-ED4)*E4 -> -5.600913 | EH4: 46055 | EI4: 2476433 | EJ4: =EI4*P4*O4 -> 7404.2175 | EK4: 2448965 | EL4: =EK4*P4*O4 -> 7322.0917 | EM4: =EJ4+EL4 -> 14726.309 | EO4: =EI4-EK4 -> 27468 | EP4: =EO4*P4*O4 -> 82.125802 | EQ4: 17.4526 | ER4: =EQ4*F4 -> 7415.9588 | ES4: 17.72748 | ET4: =ES4*F4 -> 7532.7608 | EU4: =(EQ4-ES4)*F4 -> -116.80201 | EW4: 46055 | EX4: 2426262 | EY4: =EX4*P4*O4 -> 7254.2126 | EZ4: 2429078 | FA4: =EZ4*P4*O4 -> 7262.6321 | FB4: =EY4+FA4 -> 14516.845 | FD4: =EX4-EZ4 -> -2816 | FE4: =FD4*P4*O4 -> -8.4194793 | FF4: 17.28975 | FG4: =FF4*F4 -> 7346.7606 | FH4: 17.37343 | FI4: =FH4*F4 -> 7382.3179 | FJ4: =(FF4-FH4)*F4 -> -35.557306 | FL4: 46055 | FM4: 677937.8 | FN4: =FM4*P4*O4 -> 2026.9472 | FO4: 697250.7 | FP4: =FO4*P4*O4 -> 2084.6903 | FQ4: =FN4+FP4 -> 4111.6375 | FS4: =FM4-FO4 -> -19312.9 | FT4: =FS4*P4*O4 -> -57.743097 | FU4: 832456 | FV4: =FU4*G4 -> 1997.8944 | FW4: 842380.1 | FX4: =FW4*G4 -> 2021.7122 | FY4: =(FU4-FW4)*G4 -> -23.81784 | GA4: 46055 | GB4: 671135.2 | GC4: =GB4*P4*O4 -> 2006.6083 | GD4: 670421.9 | GE4: =GD4*P4*O4 -> 2004.4756 | GF4: =GC4+GE4 -> 4011.0839 | GH4: =GB4-GD4 -> 713.3 | GI4: =GH4*P4*O4 -> 2.1326756 | GJ4: 800081.3 | GK4: =GJ4*G4 -> 1920.1951 | GL4: 834224.3 | GM4: =GL4*G4 -> 2002.1383 | GN4: =(GJ4-GL4)*G4 -> -81.9432 | GP4: 46055 | GQ4: 688044.4 | GR4: =GQ4*P4*O4 -> 2057.1646 | GS4: 706752.2 | GT4: =GS4*P4*O4 -> 2113.0986 | GU4: =GR4+GT4 -> 4170.2632 | GW4: =GQ4-GS4 -> -18707.8 | GX4: =GW4*P4*O4 -> -55.933926 | GY4: 500.2855 | GZ4: =GY4*H4 -> 2136.2191 | HA4: 506.8781 | HB4: =HA4*H4 -> 2164.3695 | HC4: =(GY4-HA4)*H4 -> -28.150402 | HE4: 46055 | HF4: 667565.4 | HG4: =HF4*P4*O4 -> 1995.935 | HH4: 677780.4 | HI4: =HH4*P4*O4 -> 2026.4766 | HJ4: =HG4+HI4 -> 4022.4116 | HL4: =HF4-HH4 -> -10215 | HM4: =HL4*P4*O4 -> -30.541542 | HN4: 479.3343 | HO4: =HN4*H4 -> 2046.7575 | HP4: 491.8617 | HQ4: =HP4*H4 -> 2100.2495 | HR4: =(HN4-HP4)*H4 -> -53.491998 | HT4: 46055 | HV4: =HU4*P4*O4 -> 0 | HX4: =HW4*P4*O4 -> 0 | HY4: =HV4+HX4 -> 0 | IA4: =HU4-HW4 -> 0 | IB4: =IA4*P4*O4 -> 0 | ID4: =IC4*I4 -> 0 | IF4: =IE4*I4 -> 0 | IG4: =(IC4-IE4)*I4 -> 0 | II4: 46055 | IK4: =IJ4*P4*O4 -> 0 | IM4: =IL4*P4*O4 -> 0 | IN4: =IK4+IM4 -> 0 | IP4: =IJ4-IL4 -> 0 | IQ4: =IP4*P4*O4 -> 0 | IS4: =IR4*I4 -> 0 | IU4: =IT4*I4 -> 0 | IV4: =(IR4-IT4)*I4 -> 0 | IX4: 46055 | IY4: 869240.8 | IZ4: =IY4*P4*O4 -> 2598.9187 | JA4: 887828.6 | JB4: =JA4*P4*O4 -> 2654.4938 | JC4: =IZ4+JB4 -> 5253.4125 | JE4: =IY4-JA4 -> -18587.8 | JF4: =JE4*P4*O4 -> -55.575141 | JG4: 18.96155 | JH4: =JG4*J4 -> 2689.5063 | JI4: 18.93122 | JJ4: =JI4*J4 -> 2685.2042 | JK4: =(JG4-JI4)*J4 -> 4.3020072 | JM4: 46055 | JN4: 862233.3 | JO4: =JN4*P4*O4 -> 2577.9671 | JP4: 875968.8 | JQ4: =JP4*P4*O4 -> 2619.0345 | JR4: =JO4+JQ4 -> 5197.0017 | JT4: =JN4-JP4 -> -13735.5 | JU4: =JT4*P4*O4 -> -41.067386 | JV4: 18.70494 | JW4: =JV4*J4 -> 2653.1087 | JX4: 18.80355 | JY4: =JX4*J4 -> 2667.0955 | JZ4: =(JV4-JX4)*J4 -> -13.986842 | KB4: 46055 | KC4: 895760.08 | KD4: =KC4*P4*O4 -> 2678.2079 | KE4: 899793.28 | KF4: =KE4*P4*O4 -> 2690.2667 | KG4: =KD4+KF4 -> 5368.4746 | KI4: =KC4-KE4 -> -4033.2015 | KJ4: =KI4*P4*O4 -> -12.058756 | KK4: 3.9894493 | KL4: =KK4*K4 -> 2736.2835 | KM4: 4.0512843 | KN4: =KM4*K4 -> 2778.6948 | KO4: =(KK4-KM4)*K4 -> -42.411362 | KQ4: 46055 | KR4: 862252.96 | KS4: =KR4*P4*O4 -> 2578.0259 | KT4: 870029.04 | KU4: =KT4*P4*O4 -> 2601.2754 | KV4: =KS4+KU4 -> 5179.3013 | KX4: =KR4-KT4 -> -7776.0777 | KY4: =KX4*P4*O4 -> -23.249476 | KZ4: 3.857264 | LA4: =KZ4*K4 -> 2645.6202 | LB4: 3.9011861 | LC4: =LB4*K4 -> 2675.7455 | LD4: =(KZ4-LB4)*K4 -> -30.125303 | LF4: 46055 | LG4: 878434.89 | LH4: =LG4*P4*O4 -> 2626.4078 | LI4: 898684.69 | LJ4: =LI4*P4*O4 -> 2686.9521 | LK4: =LH4+LJ4 -> 5313.3599 | LM4: =LG4-LI4 -> -20249.804 | LN4: =LM4*P4*O4 -> -60.544321 | LO4: 43.987968 | LP4: =LO4*L4 -> 2696.0226 | LQ4: 43.853834 | LR4: =LQ4*L4 -> 2687.8015 | LS4: =(LO4-LQ4)*L4 -> 8.2210833 | LU4: 46055 | LV4: 807611.84 | LW4: =LV4*P4*O4 -> 2414.656 | LX4: 792223.12 | LY4: =LX4*P4*O4 -> 2368.6456 | LZ4: =LW4+LY4 -> 4783.3016 | MB4: =LV4-LX4 -> 15388.723 | MC4: =MB4*P4*O4 -> 46.01031 | MD4: 38.763442 | ME4: =MD4*L4 -> 2375.8113 | MF4: 40.334206 | MG4: =MF4*L4 -> 2472.0835 | MH4: =(MD4-MF4)*L4 -> -96.272146 | MJ4: 46055 | MK4: 892003.4 | ML4: =MK4*P4*O4 -> 2666.9759 | MM4: 896679.2 | MN4: =MM4*P4*O4 -> 2680.956 | MO4: =ML4+MN4 -> 5347.9319 | MQ4: =MK4-MM4 -> -4675.8 | MR4: =MQ4*P4*O4 -> -13.980043 | MS4: 7.94816 | MT4: =MS4*M4 -> 2755.7066 | MU4: 8.065164 | MV4: =MU4*M4 -> 2796.273 | MW4: =(MS4-MU4)*M4 -> -40.566457 | MY4: 46055 | MZ4: 858898.9 | NA4: =MZ4*P4*O4 -> 2567.9977 | NB4: 866888.9 | NC4: =NB4*P4*O4 -> 2591.8868 | ND4: =NA4+NC4 -> 5159.8845 | NF4: =MZ4-NB4 -> -7990 | NG4: =NF4*P4*O4 -> -23.889077 | NH4: 7.683984 | NI4: =NH4*M4 -> 2664.1141 | NJ4: 7.770949 | NK4: =NJ4*M4 -> 2694.2657 | NL4: =(NH4-NJ4)*M4 -> -30.151635 | NN4: 46055 | NO4: 864679.3 | NP4: =NO4*P4*O4 -> 2585.2804 | NQ4: 856389.4 | NR4: =NQ4*P4*O4 -> 2560.4946 | NS4: =NP4+NR4 -> 5145.775 | NU4: =NO4-NQ4 -> 8289.9 | NV4: =NU4*P4*O4 -> 24.785739 | NW4: 332694.4 | NX4: =NW4*N4 -> 2598.3433 | NY4: 349609.9 | NZ4: =NY4*N4 -> 2730.4533 | OA4: =(NW4-NY4)*N4 -> -132.11005 | OC4: 46055 | OD4: 835759.8 | OE4: =OD4*P4*O4 -> 2498.8148 | OF4: 848790.9 | OG4: =OF4*P4*O4 -> 2537.7761 | OH4: =OE4+OG4 -> 5036.5908 | OJ4: =OD4-OF4 -> -13031.1 | OK4: =OJ4*P4*O4 -> -38.96132 | OL4: 329644.7 | OM4: =OL4*N4 -> 2574.5251 | ON4: 337948.1 | OO4: =ON4*N4 -> 2639.3747 | OP4: =(OL4-ON4)*N4 -> -64.849554
A5: 46056 | B5: 188.32 | C5: 91.07 | D5: 186.72 | E5: 435.48 | F5: 427.2 | G5: 0.00247 | H5: 4.267 | I5: 628.81 | J5: 142.11 | K5: 698.23 | L5: 59.9 | M5: 350.34 | N5: 0.00775 | O5: 104.961 | P5: 2.911e-05 | R5: 46056 | S5: 412479.22 | T5: =S5*P5*O5 -> 1260.2951 | U5: 337854.68 | V5: =U5*P5*O5 -> 1032.2862 | W5: =T5+V5 -> 2292.5812 | Y5: =S5-U5 -> 74624.538 | Z5: =Y5*P5*O5 -> 228.00891 | AA5: 5.4834777 | AB5: =AA5*B5 -> 1032.6485 | AC5: 6.8260938 | AD5: =AC5*B5 -> 1285.49 | AE5: =(AA5-AC5)*B5 -> -252.84148 | AG5: 46056 | AH5: 921424.16 | AI5: =AH5*P5*O5 -> 2815.3329 | AJ5: 866916.93 | AK5: =AJ5*P5*O5 -> 2648.7907 | AL5: =AI5+AK5 -> 5464.1237 | AN5: =AH5-AJ5 -> 54507.232 | AO5: =AN5*P5*O5 -> 166.5422 | AP5: 13.919482 | AQ5: =AP5*B5 -> 2621.3168 | AR5: 15.110929 | AS5: =AR5*B5 -> 2845.6902 | AT5: =(AP5-AR5)*B5 -> -224.3734 | AV5: 46056 | AW5: 908404.72 | AX5: =AW5*P5*O5 -> 2775.5531 | AY5: 844228.51 | AZ5: =AY5*P5*O5 -> 2579.4682 | BA5: =AX5+AZ5 -> 5355.0213 | BC5: =AW5-AY5 -> 64176.213 | BD5: =BC5*P5*O5 -> 196.08494 | BE5: 28.043135 | BF5: =BE5*C5 -> 2553.8883 | BG5: 30.812245 | BH5: =BG5*C5 -> 2806.0712 | BI5: =(BE5-BG5)*C5 -> -252.18287 | BK5: 46056 | BL5: 864077.68 | BM5: =BL5*P5*O5 -> 2640.1157 | BN5: 789080.01 | BO5: =BN5*P5*O5 -> 2410.9667 | BP5: =BM5+BO5 -> 5051.0823 | BR5: =BL5-BN5 -> 74997.669 | BS5: =BR5*P5*O5 -> 229.14898 | BT5: 26.2198 | BU5: =BT5*C5 -> 2387.8372 | BV5: 29.318526 | BW5: =BV5*C5 -> 2670.0381 | BX5: =(BT5-BV5)*C5 -> -282.20094 | BZ5: 46056 | CA5: 869507.26 | CB5: =CA5*P5*O5 -> 2656.7053 | CC5: 895251.39 | CD5: =CC5*P5*O5 -> 2735.3643 | CE5: =CB5+CD5 -> 5392.0695 | CG5: =CA5-CC5 -> -25744.13 | CH5: =CG5*P5*O5 -> -78.658994 | CI5: 14.465306 | CJ5: =CI5*D5 -> 2700.962 | CK5: 14.331692 | CL5: =CK5*D5 -> 2676.0136 | CM5: =(CI5-CK5)*D5 -> 24.948408 | CO5: 46056 | CP5: 834099.37 | CQ5: =CP5*P5*O5 -> 2548.5195 | CR5: 842735.77 | CS5: =CR5*P5*O5 -> 2574.9073 | CT5: =CQ5+CS5 -> 5123.4267 | CV5: =CP5-CR5 -> -8636.3996 | CW5: =CV5*P5*O5 -> -26.387782 | CX5: 13.609102 | CY5: =CX5*D5 -> 2541.0916 | CZ5: 13.747189 | DA5: =CZ5*D5 -> 2566.8751 | DB5: =(CX5-CZ5)*D5 -> -25.783493 | DD5: 46056 | DE5: 926219.91 | DF5: =DE5*P5*O5 -> 2829.9859 | DG5: 830766.41 | DH5: =DG5*P5*O5 -> 2538.3359 | DI5: =DF5+DH5 -> 5368.3218 | DK5: =DE5-DG5 -> 95453.494 | DL5: =DK5*P5*O5 -> 291.65001 | DM5: 5.5778378 | DN5: =DM5*E5 -> 2429.0368 | DO5: 6.3246349 | DP5: =DO5*E5 -> 2754.252 | DQ5: =(DM5-DO5)*E5 -> -325.21517 | DS5: 46056 | DT5: 989113.46 | DU5: =DT5*P5*O5 -> 3022.1518 | DV5: 905769.93 | DW5: =DV5*P5*O5 -> 2767.5028 | DX5: =DU5+DW5 -> 5789.6546 | DZ5: =DT5-DV5 -> 83343.534 | EA5: =DZ5*P5*O5 -> 254.64906 | EB5: 6.0634417 | EC5: =EB5*E5 -> 2640.5076 | ED5: 6.7436706 | EE5: =ED5*E5 -> 2936.7337 | EF5: =(EB5-ED5)*E5 -> -296.22605 | EH5: 46056 | EI5: 2597261 | EJ5: =EI5*P5*O5 -> 7935.7095 | EK5: 2589908 | EL5: =EK5*P5*O5 -> 7913.243 | EM5: =EJ5+EL5 -> 15848.952 | EO5: =EI5-EK5 -> 7353 | EP5: =EO5*P5*O5 -> 22.466464 | EQ5: 18.36791 | ER5: =EQ5*F5 -> 7846.7712 | ES5: 18.50802 | ET5: =ES5*F5 -> 7906.6261 | EU5: =(EQ5-ES5)*F5 -> -59.854992 | EW5: 46056 | EX5: 2490312 | EY5: =EX5*P5*O5 -> 7608.9359 | EZ5: 2482139 | FA5: =EZ5*P5*O5 -> 7583.964 | FB5: =EY5+FA5 -> 15192.9 | FD5: =EX5-EZ5 -> 8173 | FE5: =FD5*P5*O5 -> 24.971904 | FF5: 17.59151 | FG5: =FF5*F5 -> 7515.0931 | FH5: 17.74578 | FI5: =FH5*F5 -> 7580.9972 | FJ5: =(FF5-FH5)*F5 -> -65.904144 | FL5: 46056 | FM5: 653239.6 | FN5: =FM5*P5*O5 -> 1995.9179 | FO5: 676528.1 | FP5: =FO5*P5*O5 -> 2067.0739 | FQ5: =FN5+FP5 -> 4062.9918 | FS5: =FM5-FO5 -> -23288.5 | FT5: =FS5*P5*O5 -> -71.156025 | FU5: 817847.2 | FV5: =FU5*G5 -> 2020.0826 | FW5: 824156.7 | FX5: =FW5*G5 -> 2035.667 | FY5: =(FU5-FW5)*G5 -> -15.584465 | GA5: 46056 | GB5: 623028.8 | GC5: =GB5*P5*O5 -> 1903.6114 | GD5: 645354.3 | GE5: =GD5*P5*O5 -> 1971.825 | GF5: =GC5+GE5 -> 3875.4364 | GH5: =GB5-GD5 -> -22325.5 | GI5: =GH5*P5*O5 -> -68.213661 | GJ5: 781070.9 | GK5: =GJ5*G5 -> 1929.2451 | GL5: 785594.5 | GM5: =GL5*G5 -> 1940.4184 | GN5: =(GJ5-GL5)*G5 -> -11.173292 | GP5: 46056 | GQ5: 649088.5 | GR5: =GQ5*P5*O5 -> 1983.2346 | GS5: 666007 | GT5: =GS5*P5*O5 -> 2034.9276 | GU5: =GR5+GT5 -> 4018.1621 | GW5: =GQ5-GS5 -> -16918.5 | GX5: =GW5*P5*O5 -> -51.693034 | GY5: 469.2884 | GZ5: =GY5*H5 -> 2002.4536 | HA5: 476.2266 | HB5: =HA5*H5 -> 2032.0589 | HC5: =(GY5-HA5)*H5 -> -29.605299 | HE5: 46056 | HF5: 683958.6 | HG5: =HF5*P5*O5 -> 2089.7772 | HH5: 693262.5 | HI5: =HH5*P5*O5 -> 2118.2044 | HJ5: =HG5+HI5 -> 4207.9816 | HL5: =HF5-HH5 -> -9303.9 | HM5: =HL5*P5*O5 -> -28.427273 | HN5: 488.4034 | HO5: =HN5*H5 -> 2084.0173 | HP5: 501.7947 | HQ5: =HP5*H5 -> 2141.158 | HR5: =(HN5-HP5)*H5 -> -57.140677 | HT5: 46056 | HU5: 665943.7 | HV5: =HU5*P5*O5 -> 2034.7342 | HW5: 686918.5 | HX5: =HW5*P5*O5 -> 2098.8209 | HY5: =HV5+HX5 -> 4133.5551 | IA5: =HU5-HW5 -> -20974.8 | IB5: =IA5*P5*O5 -> -64.086712 | IC5: 3.278776 | ID5: =IC5*I5 -> 2061.7271 | IE5: 3.308472 | IF5: =IE5*I5 -> 2080.4003 | IG5: =(IC5-IE5)*I5 -> -18.673142 | II5: 46056 | IJ5: 692705.9 | IK5: =IJ5*P5*O5 -> 2116.5038 | IL5: 695374.9 | IM5: =IL5*P5*O5 -> 2124.6587 | IN5: =IK5+IM5 -> 4241.1625 | IP5: =IJ5-IL5 -> -2669 | IQ5: =IP5*P5*O5 -> -8.1549019 | IR5: 3.31896 | IS5: =IR5*I5 -> 2086.9952 | IT5: 3.441941 | IU5: =IT5*I5 -> 2164.3269 | IV5: =(IR5-IT5)*I5 -> -77.331683 | IX5: 46056 | IY5: 981841.7 | IZ5: =IY5*P5*O5 -> 2999.9336 | JA5: 954879.1 | JB5: =JA5*P5*O5 -> 2917.5516 | JC5: =IZ5+JB5 -> 5917.4852 | JE5: =IY5-JA5 -> 26962.6 | JF5: =JE5*P5*O5 -> 82.381925 | JG5: 20.68096 | JH5: =JG5*J5 -> 2938.9712 | JI5: 21.68892 | JJ5: =JI5*J5 -> 3082.2124 | JK5: =(JG5-JI5)*J5 -> -143.2412 | JM5: 46056 | JN5: 964721.8 | JO5: =JN5*P5*O5 -> 2947.6252 | JP5: 931138.7 | JQ5: =JP5*P5*O5 -> 2845.0149 | JR5: =JO5+JQ5 -> 5792.6401 | JT5: =JN5-JP5 -> 33583.1 | JU5: =JT5*P5*O5 -> 102.6103 | JV5: 20.17622 | JW5: =JV5*J5 -> 2867.2426 | JX5: 21.33514 | JY5: =JX5*J5 -> 3031.9367 | JZ5: =(JV5-JX5)*J5 -> -164.69412 | KB5: 46056 | KC5: 984686.11 | KD5: =KC5*P5*O5 -> 3008.6244 | KE5: 943324.17 | KF5: =KE5*P5*O5 -> 2882.2465 | KG5: =KD5+KF5 -> 5890.871 | KI5: =KC5-KE5 -> 41361.941 | KJ5: =KI5*P5*O5 -> 126.37788 | KK5: 4.1450603 | KL5: =KK5*K5 -> 2894.2055 | KM5: 4.4141426 | KN5: =KM5*K5 -> 3082.0868 | KO5: =(KK5-KM5)*K5 -> -187.88129 | KQ5: 46056 | KR5: 971466.72 | KS5: =KR5*P5*O5 -> 2968.2337 | KT5: 943243.43 | KU5: =KT5*P5*O5 -> 2881.9999 | KV5: =KS5+KU5 -> 5850.2336 | KX5: =KR5-KT5 -> 28223.288 | KY5: =KX5*P5*O5 -> 86.233851 | KZ5: 4.1452286 | LA5: =KZ5*K5 -> 2894.3229 | LB5: 4.3578169 | LC5: =LB5*K5 -> 3042.7585 | LD5: =(KZ5-LB5)*K5 -> -148.43554 | LF5: 46056 | LG5: 896241.53 | LH5: =LG5*P5*O5 -> 2738.3895 | LI5: 840060.73 | LJ5: =LI5*P5*O5 -> 2566.7339 | LK5: =LH5+LJ5 -> 5305.1234 | LM5: =LG5-LI5 -> 56180.801 | LN5: =LM5*P5*O5 -> 171.65564 | LO5: 43.243574 | LP5: =LO5*L5 -> 2590.2901 | LQ5: 47.283491 | LR5: =LQ5*L5 -> 2832.2811 | LS5: =(LO5-LQ5)*L5 -> -241.99106 | LU5: 46056 | LV5: 650643.35 | LW5: =LV5*P5*O5 -> 1987.9853 | LX5: 611727.02 | LY5: =LX5*P5*O5 -> 1869.0797 | LZ5: =LW5+LY5 -> 3857.065 | MB5: =LV5-LX5 -> 38916.327 | MC5: =MB5*P5*O5 -> 118.90552 | MD5: 31.634378 | ME5: =MD5*L5 -> 1894.8992 | MF5: 34.574489 | MG5: =MF5*L5 -> 2071.0119 | MH5: =(MD5-MF5)*L5 -> -176.11262 | MJ5: 46056 | MK5: 974462.6 | ML5: =MK5*P5*O5 -> 2977.3874 | MM5: 943433.4 | MN5: =MM5*P5*O5 -> 2882.5803 | MO5: =ML5+MN5 -> 5859.9677 | MQ5: =MK5-MM5 -> 31029.2 | MR5: =MQ5*P5*O5 -> 94.807074 | MS5: 8.155119 | MT5: =MS5*M5 -> 2857.0644 | MU5: 8.593624 | MV5: =MU5*M5 -> 3010.6902 | MW5: =(MS5-MU5)*M5 -> -153.62584 | MY5: 46056 | MZ5: 958521.8 | NA5: =MZ5*P5*O5 -> 2928.6816 | NB5: 916495.7 | NC5: =NB5*P5*O5 -> 2800.2744 | ND5: =NA5+NC5 -> 5728.9561 | NF5: =MZ5-NB5 -> 42026.1 | NG5: =NF5*P5*O5 -> 128.40716 | NH5: 7.921914 | NI5: =NH5*M5 -> 2775.3634 | NJ5: 8.457311 | NK5: =NJ5*M5 -> 2962.9343 | NL5: =(NH5-NJ5)*M5 -> -187.57098 | NN5: 46056 | NO5: 943647.3 | NP5: =NO5*P5*O5 -> 2883.2338 | NQ5: 932207.2 | NR5: =NQ5*P5*O5 -> 2848.2796 | NS5: =NP5+NR5 -> 5731.5134 | NU5: =NO5-NQ5 -> 11440.1 | NV5: =NU5*P5*O5 -> 34.95425 | NW5: 359019.8 | NX5: =NW5*N5 -> 2782.4034 | NY5: 378373.5 | NZ5: =NY5*N5 -> 2932.3946 | OA5: =(NW5-NY5)*N5 -> -149.99118 | OC5: 46056 | OD5: 925857.7 | OE5: =OD5*P5*O5 -> 2828.8792 | OF5: 902384.1 | OG5: =OF5*P5*O5 -> 2757.1577 | OH5: =OE5+OG5 -> 5586.0369 | OJ5: =OD5-OF5 -> 23473.6 | OK5: =OJ5*P5*O5 -> 71.721583 | OL5: 347418 | OM5: =OL5*N5 -> 2692.4895 | ON5: 371191.7 | OO5: =ON5*N5 -> 2876.7357 | OP5: =(OL5-ON5)*N5 -> -184.24618
A6: 46057 | B6: 179.32 | C6: 86.99 | D6: 179.81 | E6: 464.18 | F6: 420.09 | G6: 0.00243 | H6: 4.258 | I6: 617.47 | J6: 132.74 | K6: 690.71 | L6: 55.93 | M6: 344.14 | N6: 0.00757 | O6: 98.776 | P6: 3.038e-05 | R6: 46057 | S6: 899897.65 | T6: =S6*P6*O6 -> 2700.4263 | U6: 963352.87 | V6: =U6*P6*O6 -> 2890.8436 | W6: =T6+V6 -> 5591.2699 | Y6: =S6-U6 -> -63455.218 | Z6: =Y6*P6*O6 -> -190.41736 | AA6: 16.040161 | AB6: =AA6*B6 -> 2876.3216 | AC6: 15.29311 | AD6: =AC6*B6 -> 2742.3605 | AE6: =(AA6-AC6)*B6 -> 133.9611 | AG6: 46057 | AH6: 892337.82 | AI6: =AH6*P6*O6 -> 2677.7406 | AJ6: 964548.03 | AK6: =AJ6*P6*O6 -> 2894.4301 | AL6: =AI6+AK6 -> 5572.1707 | AN6: =AH6-AJ6 -> -72210.219 | AO6: =AN6*P6*O6 -> -216.6895 | AP6: 16.053734 | AQ6: =AP6*B6 -> 2878.7557 | AR6: 15.156762 | AS6: =AR6*B6 -> 2717.9105 | AT6: =(AP6-AR6)*B6 -> 160.84516 | AV6: 46057 | AW6: 916921.62 | AX6: =AW6*P6*O6 -> 2751.512 | AY6: 965198.37 | AZ6: =AY6*P6*O6 -> 2896.3816 | BA6: =AX6+AZ6 -> 5647.8937 | BC6: =AW6-AY6 -> -48276.753 | BD6: =BC6*P6*O6 -> -144.8696 | BE6: 33.532212 | BF6: =BE6*C6 -> 2916.9671 | BG6: 32.555739 | BH6: =BG6*C6 -> 2832.0237 | BI6: =(BE6-BG6)*C6 -> 84.943373 | BK6: 46057 | BL6: 879324.55 | BM6: =BL6*P6*O6 -> 2638.6902 | BN6: 940316.41 | BO6: =BN6*P6*O6 -> 2821.7155 | BP6: =BM6+BO6 -> 5460.4057 | BR6: =BL6-BN6 -> -60991.867 | BS6: =BR6*P6*O6 -> -183.0253 | BT6: 32.670393 | BU6: =BT6*C6 -> 2841.9975 | BV6: 31.213562 | BW6: =BV6*C6 -> 2715.2678 | BX6: =(BT6-BV6)*C6 -> 126.72966 | BZ6: 46057 | CA6: 967585.53 | CB6: =CA6*P6*O6 -> 2903.5451 | CC6: 914705.68 | CD6: =CC6*P6*O6 -> 2744.8624 | CE6: =CB6+CD6 -> 5648.4075 | CG6: =CA6-CC6 -> 52879.857 | CH6: =CG6*P6*O6 -> 158.68266 | CI6: 14.997471 | CJ6: =CI6*D6 -> 2696.6953 | CK6: 16.181256 | CL6: =CK6*D6 -> 2909.5516 | CM6: =(CI6-CK6)*D6 -> -212.85627 | CO6: 46057 | CP6: 922234.48 | CQ6: =CP6*P6*O6 -> 2767.455 | CR6: 902222.9 | CS6: =CR6*P6*O6 -> 2707.4039 | CT6: =CQ6+CS6 -> 5474.8588 | CV6: =CP6-CR6 -> 20011.587 | CW6: =CV6*P6*O6 -> 60.051068 | CX6: 14.781465 | CY6: =CX6*D6 -> 2657.8552 | CZ6: 15.423583 | DA6: =CZ6*D6 -> 2773.3144 | DB6: =(CX6-CZ6)*D6 -> -115.45915 | DD6: 46057 | DE6: 924936.08 | DF6: =DE6*P6*O6 -> 2775.562 | DG6: 971195.16 | DH6: =DG6*P6*O6 -> 2914.3769 | DI6: =DF6+DH6 -> 5689.9389 | DK6: =DE6-DG6 -> -46259.08 | DL6: =DK6*P6*O6 -> -138.81494 | DM6: 6.1539933 | DN6: =DM6*E6 -> 2856.5606 | DO6: 5.9739471 | DP6: =DO6*E6 -> 2772.9867 | DQ6: =(DM6-DO6)*E6 -> 83.57385 | DS6: 46057 | DT6: 888181.13 | DU6: =DT6*P6*O6 -> 2665.2671 | DV6: 954786.74 | DW6: =DV6*P6*O6 -> 2865.1383 | DX6: =DU6+DW6 -> 5530.4054 | DZ6: =DT6-DV6 -> -66605.615 | EA6: =DZ6*P6*O6 -> -199.87112 | EB6: 6.0476519 | EC6: =EB6*E6 -> 2807.199 | ED6: 5.7381815 | EE6: =ED6*E6 -> 2663.5491 | EF6: =(EB6-ED6)*E6 -> 143.64997 | EH6: 46057 | EI6: 2518169 | EJ6: =EI6*P6*O6 -> 7556.559 | EK6: 2596830 | EL6: =EK6*P6*O6 -> 7792.6061 | EM6: =EJ6+EL6 -> 15349.165 | EO6: =EI6-EK6 -> -78661 | EP6: =EO6*P6*O6 -> -236.0471 | EQ6: 18.39997 | ER6: =EQ6*F6 -> 7729.6434 | ES6: 17.94194 | ET6: =ES6*F6 -> 7537.2296 | EU6: =(EQ6-ES6)*F6 -> 192.41382 | EW6: 46057 | EX6: 2450886 | EY6: =EX6*P6*O6 -> 7354.6552 | EZ6: 2533823 | FA6: =EZ6*P6*O6 -> 7603.5338 | FB6: =EY6+FA6 -> 14958.189 | FD6: =EX6-EZ6 -> -82937 | FE6: =FD6*P6*O6 -> -248.87858 | FF6: 17.94411 | FG6: =FF6*F6 -> 7538.1412 | FH6: 17.46752 | FI6: =FH6*F6 -> 7337.9305 | FJ6: =(FF6-FH6)*F6 -> 200.21069 | FL6: 46057 | FM6: 743529.2 | FN6: =FM6*P6*O6 -> 2231.1935 | FO6: 700406.9 | FP6: =FO6*P6*O6 -> 2101.7914 | FQ6: =FN6+FP6 -> 4332.9849 | FS6: =FM6-FO6 -> 43122.3 | FT6: =FS6*P6*O6 -> 129.40204 | FU6: 859984.4 | FV6: =FU6*G6 -> 2089.7621 | FW6: 949137.1 | FX6: =FW6*G6 -> 2306.4032 | FY6: =(FU6-FW6)*G6 -> -216.64106 | GA6: 46057 | GB6: 707822.8 | GC6: =GB6*P6*O6 -> 2124.0452 | GD6: 674738.2 | GE6: =GD6*P6*O6 -> 2024.7644 | GF6: =GC6+GE6 -> 4148.8096 | GH6: =GB6-GD6 -> 33084.6 | GI6: =GH6*P6*O6 -> 99.28076 | GJ6: 828336.9 | GK6: =GJ6*G6 -> 2012.8587 | GL6: 903685.8 | GM6: =GL6*G6 -> 2195.9565 | GN6: =(GJ6-GL6)*G6 -> -183.09783 | GP6: 46057 | GQ6: 725161.9 | GR6: =GQ6*P6*O6 -> 2176.0766 | GS6: 685449.5 | GT6: =GS6*P6*O6 -> 2056.9071 | GU6: =GR6+GT6 -> 4232.9837 | GW6: =GQ6-GS6 -> 39712.4 | GX6: =GW6*P6*O6 -> 119.16956 | GY6: 479.626 | GZ6: =GY6*H6 -> 2042.2475 | HA6: 528.2805 | HB6: =HA6*H6 -> 2249.4184 | HC6: =(GY6-HA6)*H6 -> -207.17086 | HE6: 46057 | HF6: 685538.1 | HG6: =HF6*P6*O6 -> 2057.1729 | HH6: 656151.7 | HI6: =HH6*P6*O6 -> 1968.9898 | HJ6: =HG6+HI6 -> 4026.1627 | HL6: =HF6-HH6 -> 29386.4 | HM6: =HL6*P6*O6 -> 88.183146 | HN6: 458.8881 | HO6: =HN6*H6 -> 1953.9455 | HP6: 499.41 | HQ6: =HP6*H6 -> 2126.4878 | HR6: =(HN6-HP6)*H6 -> -172.54225 | HT6: 46057 | HU6: 744763.6 | HV6: =HU6*P6*O6 -> 2234.8977 | HW6: 707262.4 | HX6: =HW6*P6*O6 -> 2122.3635 | HY6: =HV6+HX6 -> 4357.2612 | IA6: =HU6-HW6 -> 37501.2 | IB6: =IA6*P6*O6 -> 112.53416 | IC6: 3.343158 | ID6: =IC6*I6 -> 2064.2998 | IE6: 3.665312 | IF6: =IE6*I6 -> 2263.2202 | IG6: =(IC6-IE6)*I6 -> -198.92043 | II6: 46057 | IJ6: 728540.5 | IK6: =IJ6*P6*O6 -> 2186.2152 | IL6: 692300.9 | IM6: =IL6*P6*O6 -> 2077.4668 | IN6: =IK6+IM6 -> 4263.682 | IP6: =IJ6-IL6 -> 36239.6 | IQ6: =IP6*P6*O6 -> 108.74833 | IR6: 3.272404 | IS6: =IR6*I6 -> 2020.6113 | IT6: 3.585511 | IU6: =IT6*I6 -> 2213.9455 | IV6: =(IR6-IT6)*I6 -> -193.33418 | IX6: 46057 | IY6: 905880.5 | IZ6: =IY6*P6*O6 -> 2718.3797 | JA6: 914235.5 | JB6: =JA6*P6*O6 -> 2743.4515 | JC6: =IZ6+JB6 -> 5461.8312 | JE6: =IY6-JA6 -> -8355 | JF6: =JE6*P6*O6 -> -25.071808 | JG6: 20.65023 | JH6: =JG6*J6 -> 2741.1115 | JI6: 20.86451 | JJ6: =JI6*J6 -> 2769.5551 | JK6: =(JG6-JI6)*J6 -> -28.443527 | JM6: 46057 | JN6: 854086.4 | JO6: =JN6*P6*O6 -> 2562.9552 | JP6: 868024.2 | JQ6: =JP6*P6*O6 -> 2604.7799 | JR6: =JO6+JQ6 -> 5167.7351 | JT6: =JN6-JP6 -> -13937.8 | JU6: =JT6*P6*O6 -> -41.824758 | JV6: 19.61083 | JW6: =JV6*J6 -> 2603.1416 | JX6: 19.68791 | JY6: =JX6*J6 -> 2613.3732 | JZ6: =(JV6-JX6)*J6 -> -10.231599 | KB6: 46057 | KC6: 869556.97 | KD6: =KC6*P6*O6 -> 2609.3795 | KE6: 895501.27 | KF6: =KE6*P6*O6 -> 2687.2335 | KG6: =KD6+KF6 -> 5296.613 | KI6: =KC6-KE6 -> -25944.299 | KJ6: =KI6*P6*O6 -> -77.854037 | KK6: 3.8110299 | KL6: =KK6*K6 -> 2632.3164 | KM6: 3.7810612 | KN6: =KM6*K6 -> 2611.6168 | KO6: =(KK6-KM6)*K6 -> 20.699648 | KQ6: 46057 | KR6: 858870.94 | KS6: =KR6*P6*O6 -> 2577.3127 | KT6: 881651.87 | KU6: =KT6*P6*O6 -> 2645.674 | KV6: =KS6+KU6 -> 5222.9867 | KX6: =KR6-KT6 -> -22780.922 | KY6: =KX6*P6*O6 -> -68.36133 | KZ6: 3.7536268 | LA6: =KZ6*K6 -> 2592.6675 | LB6: 3.7383382 | LC6: =LB6*K6 -> 2582.1076 | LD6: =(KZ6-LB6)*K6 -> 10.559944 | LF6: 46057 | LG6: 863593.78 | LH6: =LG6*P6*O6 -> 2591.4851 | LI6: 880610.16 | LJ6: =LI6*P6*O6 -> 2642.5481 | LK6: =LH6+LJ6 -> 5234.0331 | LM6: =LG6-LI6 -> -17016.385 | LN6: =LM6*P6*O6 -> -51.06302 | LO6: 46.634478 | LP6: =LO6*L6 -> 2608.2664 | LQ6: 46.67935 | LR6: =LQ6*L6 -> 2610.776 | LS6: =(LO6-LQ6)*L6 -> -2.5096742 | LU6: 46057 | LV6: 876875.78 | LW6: =LV6*P6*O6 -> 2631.3419 | LX6: 881756.19 | LY6: =LX6*P6*O6 -> 2645.9871 | LZ6: =LW6+LY6 -> 5277.329 | MB6: =LV6-LX6 -> -4880.4104 | MC6: =MB6*P6*O6 -> -14.645208 | MD6: 46.602966 | ME6: =MD6*L6 -> 2606.5039 | MF6: 47.388567 | MG6: =MF6*L6 -> 2650.4426 | MH6: =(MD6-MF6)*L6 -> -43.938704 | MJ6: 46057 | MK6: 853222.2 | ML6: =MK6*P6*O6 -> 2560.3619 | MM6: 863556.2 | MN6: =MM6*P6*O6 -> 2591.3723 | MO6: =ML6+MN6 -> 5151.7342 | MQ6: =MK6-MM6 -> -10334 | MR6: =MQ6*P6*O6 -> -31.010421 | MS6: 7.424228 | MT6: =MS6*M6 -> 2554.9738 | MU6: 7.48579 | MV6: =MU6*M6 -> 2576.1598 | MW6: =(MS6-MU6)*M6 -> -21.185947 | MY6: 46057 | MZ6: 840885.5 | NA6: =MZ6*P6*O6 -> 2523.3417 | NB6: 854779.2 | NC6: =NB6*P6*O6 -> 2565.0341 | ND6: =NA6+NC6 -> 5088.3759 | NF6: =MZ6-NB6 -> -13893.7 | NG6: =NF6*P6*O6 -> -41.692422 | NH6: 7.347979 | NI6: =NH6*M6 -> 2528.7335 | NJ6: 7.381757 | NK6: =NJ6*M6 -> 2540.3579 | NL6: =(NH6-NJ6)*M6 -> -11.624361 | NN6: 46057 | NO6: 828278 | NP6: =NO6*P6*O6 -> 2485.5089 | NQ6: 841706.1 | NR6: =NQ6*P6*O6 -> 2525.8042 | NS6: =NP6+NR6 -> 5011.3131 | NU6: =NO6-NQ6 -> -13428.1 | NV6: =NU6*P6*O6 -> -40.295242 | NW6: 325438.7 | NX6: =NW6*N6 -> 2463.571 | NY6: 333674.4 | NZ6: =NY6*N6 -> 2525.9152 | OA6: =(NW6-NY6)*N6 -> -62.344249 | OC6: 46057 | OD6: 839636.2 | OE6: =OD6*P6*O6 -> 2519.5928 | OF6: 848845.4 | OG6: =OF6*P6*O6 -> 2547.2279 | OH6: =OE6+OG6 -> 5066.8207 | OJ6: =OD6-OF6 -> -9209.2029 | OK6: =OJ6*P6*O6 -> -27.635113 | OL6: 328026.4 | OM6: =OL6*N6 -> 2483.1598 | ON6: 338271.9 | OO6: =ON6*N6 -> 2560.7183 | OP6: =(OL6-ON6)*N6 -> -77.558435
A7: 46058 | B7: 163.68 | C7: 78.43 | D7: 176.08 | E7: 448.82 | F7: 389.93 | G7: 0.00193 | H7: 3.428 | I7: 592.6 | J7: 105.23 | K7: 687.07 | L7: 54.01 | M7: 324.92 | N7: 0.00597 | O7: 91.792 | P7: 3.174e-05 | R7: 46058 | S7: 1105610.2 | T7: =S7*P7*O7 -> 3221.1711 | U7: 1107517.8 | V7: =U7*P7*O7 -> 3226.7289 | W7: =T7+V7 -> 6447.9 | Y7: =S7-U7 -> -1907.6167 | Z7: =Y7*P7*O7 -> -5.5577996 | AA7: 19.350443 | AB7: =AA7*B7 -> 3167.2805 | AC7: 19.684774 | AD7: =AC7*B7 -> 3222.0038 | AE7: =(AA7-AC7)*B7 -> -54.723265 | AG7: 46058 | AH7: 1111778.1 | AI7: =AH7*P7*O7 -> 3239.1411 | AJ7: 1113184.5 | AK7: =AJ7*P7*O7 -> 3243.2386 | AL7: =AI7+AK7 -> 6482.3797 | AN7: =AH7-AJ7 -> -1406.3928 | AO7: =AN7*P7*O7 -> -4.0974945 | AP7: 19.439201 | AQ7: =AP7*B7 -> 3181.8084 | AR7: 19.782053 | AS7: =AR7*B7 -> 3237.9264 | AT7: =(AP7-AR7)*B7 -> -56.117934 | AV7: 46058 | AW7: 1086199.4 | AX7: =AW7*P7*O7 -> 3164.618 | AY7: 1111937.5 | AZ7: =AY7*P7*O7 -> 3239.6055 | BA7: =AX7+AZ7 -> 6404.2235 | BC7: =AW7-AY7 -> -25738.131 | BD7: =BC7*P7*O7 -> -74.987479 | BE7: 40.314995 | BF7: =BE7*C7 -> 3161.905 | BG7: 40.193923 | BH7: =BG7*C7 -> 3152.4094 | BI7: =(BE7-BG7)*C7 -> 9.4956244 | BK7: 46058 | BL7: 1095666.3 | BM7: =BL7*P7*O7 -> 3192.1997 | BN7: 1110674 | BO7: =BN7*P7*O7 -> 3235.9243 | BP7: =BM7+BO7 -> 6428.124 | BR7: =BL7-BN7 -> -15007.675 | BS7: =BR7*P7*O7 -> -43.724532 | BT7: 40.252786 | BU7: =BT7*C7 -> 3157.026 | BV7: 40.547189 | BW7: =BV7*C7 -> 3180.1161 | BX7: =(BT7-BV7)*C7 -> -23.090072 | BZ7: 46058 | CA7: 1087008.6 | CB7: =CA7*P7*O7 -> 3166.9759 | CC7: 1120074.5 | CD7: =CC7*P7*O7 -> 3263.3125 | CE7: =CB7+CD7 -> 6430.2884 | CG7: =CA7-CC7 -> -33065.864 | CH7: =CG7*P7*O7 -> -96.336671 | CI7: 17.837788 | CJ7: =CI7*D7 -> 3140.8776 | CK7: 17.637355 | CL7: =CK7*D7 -> 3105.5855 | CM7: =(CI7-CK7)*D7 -> 35.292153 | CO7: 46058 | CP7: 1115090.9 | CQ7: =CP7*P7*O7 -> 3248.793 | CR7: 1095699.8 | CS7: =CR7*P7*O7 -> 3192.2973 | CT7: =CQ7+CS7 -> 6441.0903 | CV7: =CP7-CR7 -> 19391.146 | CW7: =CV7*P7*O7 -> 56.495678 | CX7: 17.457005 | CY7: =CX7*D7 -> 3073.8295 | CZ7: 18.097719 | DA7: =CZ7*D7 -> 3186.6464 | DB7: =(CX7-CZ7)*D7 -> -112.81695 | DD7: 46058 | DE7: 1098658.7 | DF7: =DE7*P7*O7 -> 3200.9181 | DG7: 1109754.8 | DH7: =DG7*P7*O7 -> 3233.2462 | DI7: =DF7+DH7 -> 6434.1643 | DK7: =DE7-DG7 -> -11096.062 | DL7: =DK7*P7*O7 -> -32.328132 | DM7: 6.8877101 | DN7: =DM7*E7 -> 3091.3421 | DO7: 6.9622136 | DP7: =DO7*E7 -> 3124.7807 | DQ7: =(DM7-DO7)*E7 -> -33.438661 | DS7: 46058 | DT7: 1103582.6 | DU7: =DT7*P7*O7 -> 3215.2636 | DV7: 1109429.3 | DW7: =DV7*P7*O7 -> 3232.298 | DX7: =DU7+DW7 -> 6447.5616 | DZ7: =DT7-DV7 -> -5846.7529 | EA7: =DZ7*P7*O7 -> -17.034386 | EB7: 6.8866766 | EC7: =EB7*E7 -> 3090.8782 | ED7: 6.9983588 | EE7: =ED7*E7 -> 3141.0034 | EF7: =(EB7-ED7)*E7 -> -50.125236 | EH7: 46058 | EI7: 3206635 | EJ7: =EI7*P7*O7 -> 9342.4608 | EK7: 3143721 | EL7: =EK7*P7*O7 -> 9159.1622 | EM7: =EJ7+EL7 -> 18501.623 | EO7: =EI7-EK7 -> 62914 | EP7: =EO7*P7*O7 -> 183.29856 | EQ7: 21.58938 | ER7: =EQ7*F7 -> 8418.3469 | ES7: 22.49081 | ET7: =ES7*F7 -> 8769.8415 | EU7: =(EQ7-ES7)*F7 -> -351.4946 | EW7: 46058 | EX7: 3149457 | EY7: =EX7*P7*O7 -> 9175.8739 | EZ7: 3160602 | FA7: =EZ7*P7*O7 -> 9208.3446 | FB7: =EY7+FA7 -> 18384.219 | FD7: =EX7-EZ7 -> -11145 | FE7: =FD7*P7*O7 -> -32.470713 | FF7: 21.45914 | FG7: =FF7*F7 -> 8367.5625 | FH7: 22.09172 | FI7: =FH7*F7 -> 8614.2244 | FJ7: =(FF7-FH7)*F7 -> -246.66192 | FL7: 46058 | FM7: 867566.9 | FN7: =FM7*P7*O7 -> 2527.6371 | FO7: 889426.9 | FP7: =FO7*P7*O7 -> 2591.3258 | FQ7: =FN7+FP7 -> 5118.9629 | FS7: =FM7-FO7 -> -21860 | FT7: =FS7*P7*O7 -> -63.688631 | FU7: 1127431 | FV7: =FU7*G7 -> 2175.9418 | FW7: 1144219 | FX7: =FW7*G7 -> 2208.3427 | FY7: =(FU7-FW7)*G7 -> -32.40084 | GA7: 46058 | GB7: 816062.8 | GC7: =GB7*P7*O7 -> 2377.5811 | GD7: 825404.3 | GE7: =GD7*P7*O7 -> 2404.7973 | GF7: =GC7+GE7 -> 4782.3784 | GH7: =GB7-GD7 -> -9341.5 | GI7: =GH7*P7*O7 -> -27.216255 | GJ7: 1046179 | GK7: =GJ7*G7 -> 2019.1255 | GL7: 1076302 | GM7: =GL7*G7 -> 2077.2629 | GN7: =(GJ7-GL7)*G7 -> -58.13739 | GP7: 46058 | GQ7: 862863.7 | GR7: =GQ7*P7*O7 -> 2513.9345 | GS7: 900600.5 | GT7: =GS7*P7*O7 -> 2623.8798 | GU7: =GR7+GT7 -> 5137.8143 | GW7: =GQ7-GS7 -> -37736.8 | GX7: =GW7*P7*O7 -> -109.94534 | GY7: 638.1461 | GZ7: =GY7*H7 -> 2187.5648 | HA7: 636.9685 | HB7: =HA7*H7 -> 2183.528 | HC7: =(GY7-HA7)*H7 -> 4.0368128 | HE7: 46058 | HF7: 866501.7 | HG7: =HF7*P7*O7 -> 2524.5337 | HH7: 878894.2 | HI7: =HH7*P7*O7 -> 2560.639 | HJ7: =HG7+HI7 -> 5085.1727 | HL7: =HF7-HH7 -> -12392.5 | HM7: =HL7*P7*O7 -> -36.105277 | HN7: 621.8201 | HO7: =HN7*H7 -> 2131.5993 | HP7: 639.793 | HQ7: =HP7*H7 -> 2193.2104 | HR7: =(HN7-HP7)*H7 -> -61.611101 | HT7: 46058 | HU7: 871328.9 | HV7: =HU7*P7*O7 -> 2538.5977 | HW7: 904062.2 | HX7: =HW7*P7*O7 -> 2633.9654 | HY7: =HV7+HX7 -> 5172.5631 | IA7: =HU7-HW7 -> -32733.3 | IB7: =IA7*P7*O7 -> -95.367752 | IC7: 4.177601 | ID7: =IC7*I7 -> 2475.6464 | IE7: 4.183832 | IF7: =IE7*I7 -> 2479.3388 | IG7: =(IC7-IE7)*I7 -> -3.6924906 | II7: 46058 | IJ7: 854369 | IK7: =IJ7*P7*O7 -> 2489.1854 | IL7: 896412.1 | IM7: =IL7*P7*O7 -> 2611.677 | IN7: =IK7+IM7 -> 5100.8624 | IP7: =IJ7-IL7 -> -42043.1 | IQ7: =IP7*P7*O7 -> -122.49165 | IR7: 4.13782 | IS7: =IR7*I7 -> 2452.0721 | IT7: 4.102456 | IU7: =IT7*I7 -> 2431.1154 | IV7: =(IR7-IT7)*I7 -> 20.956706 | IX7: 46058 | IY7: 1047815 | IZ7: =IY7*P7*O7 -> 3052.786 | JA7: 1142409 | JB7: =JA7*P7*O7 -> 3328.3836 | JC7: =IZ7+JB7 -> 6381.1696 | JE7: =IY7-JA7 -> -94594 | JF7: =JE7*P7*O7 -> -275.59755 | JG7: 26.75414 | JH7: =JG7*J7 -> 2815.3382 | JI7: 28.27422 | JJ7: =JI7*J7 -> 2975.2962 | JK7: =(JG7-JI7)*J7 -> -159.95802 | JM7: 46058 | JN7: 933463.4 | JO7: =JN7*P7*O7 -> 2719.6252 | JP7: 1006334 | JQ7: =JP7*P7*O7 -> 2931.9321 | JR7: =JO7+JQ7 -> 5651.5572 | JT7: =JN7-JP7 -> -72870.6 | JU7: =JT7*P7*O7 -> -212.3069 | JV7: 23.5038 | JW7: =JV7*J7 -> 2473.3049 | JX7: 24.58684 | JY7: =JX7*J7 -> 2587.2732 | JZ7: =(JV7-JX7)*J7 -> -113.9683 | KB7: 46058 | KC7: 1166408.5 | KD7: =KC7*P7*O7 -> 3398.3057 | KE7: 1141869.9 | KF7: =KE7*P7*O7 -> 3326.813 | KG7: =KD7+KF7 -> 6725.1188 | KI7: =KC7-KE7 -> 24538.608 | KJ7: =KI7*P7*O7 -> 71.492696 | KK7: 4.6841742 | KL7: =KK7*K7 -> 3218.3556 | KM7: 4.8774029 | KN7: =KM7*K7 -> 3351.1172 | KO7: =(KK7-KM7)*K7 -> -132.76165 | KQ7: 46058 | KR7: 1168409.7 | KS7: =KR7*P7*O7 -> 3404.136 | KT7: 1153847.2 | KU7: =KT7*P7*O7 -> 3361.7085 | KV7: =KS7+KU7 -> 6765.8445 | KX7: =KR7-KT7 -> 14562.477 | KY7: =KX7*P7*O7 -> 42.427458 | KZ7: 4.7325081 | LA7: =KZ7*K7 -> 3251.5643 | LB7: 4.889906 | LC7: =LB7*K7 -> 3359.7077 | LD7: =(KZ7-LB7)*K7 -> -108.14341 | LF7: 46058 | LG7: 1097061.7 | LH7: =LG7*P7*O7 -> 3196.2654 | LI7: 1125062.1 | LJ7: =LI7*P7*O7 -> 3277.8439 | LK7: =LH7+LJ7 -> 6474.1093 | LM7: =LG7-LI7 -> -28000.398 | LN7: =LM7*P7*O7 -> -81.578547 | LO7: 59.271449 | LP7: =LO7*L7 -> 3201.251 | LQ7: 58.95573 | LR7: =LQ7*L7 -> 3184.199 | LS7: =(LO7-LQ7)*L7 -> 17.052004 | LU7: 46058 | LV7: 1048398.6 | LW7: =LV7*P7*O7 -> 3054.4864 | LX7: 1078520.2 | LY7: =LX7*P7*O7 -> 3142.245 | LZ7: =LW7+LY7 -> 6196.7313 | MB7: =LV7-LX7 -> -30121.59 | MC7: =MB7*P7*O7 -> -87.758593 | MD7: 56.775283 | ME7: =MD7*L7 -> 3066.433 | MF7: 56.36623 | MG7: =MF7*L7 -> 3044.3401 | MH7: =(MD7-MF7)*L7 -> 22.092974 | MJ7: 46058 | MK7: 1103015 | ML7: =MK7*P7*O7 -> 3213.61 | MM7: 1116638 | MN7: =MM7*P7*O7 -> 3253.3003 | MO7: =ML7+MN7 -> 6466.9104 | MQ7: =MK7-MM7 -> -13623 | MR7: =MQ7*P7*O7 -> -39.690312 | MS7: 9.528053 | MT7: =MS7*M7 -> 3095.855 | MU7: 9.616314 | MV7: =MU7*M7 -> 3124.5327 | MW7: =(MS7-MU7)*M7 -> -28.677764 | MY7: 46058 | MZ7: 1089711 | NA7: =MZ7*P7*O7 -> 3174.8491 | NB7: 1119635 | NC7: =NB7*P7*O7 -> 3262.032 | ND7: =NA7+NC7 -> 6436.8811 | NF7: =MZ7-NB7 -> -29924 | NG7: =NF7*P7*O7 -> -87.182918 | NH7: 9.559101 | NI7: =NH7*M7 -> 3105.9431 | NJ7: 9.519972 | NK7: =NJ7*M7 -> 3093.2293 | NL7: =(NH7-NJ7)*M7 -> 12.713795 | NN7: 46058 | NO7: 1057299 | NP7: =NO7*P7*O7 -> 3080.4175 | NQ7: 1088532 | NR7: =NQ7*P7*O7 -> 3171.4141 | NS7: =NP7+NR7 -> 6251.8316 | NU7: =NO7-NQ7 -> -31233 | NV7: =NU7*P7*O7 -> -90.996661 | NW7: 443633.4 | NX7: =NW7*N7 -> 2648.4914 | NY7: 449423.5 | NZ7: =NY7*N7 -> 2683.0583 | OA7: =(NW7-NY7)*N7 -> -34.566897 | OC7: 46058 | OD7: 1061705 | OE7: =OD7*P7*O7 -> 3093.2542 | OF7: 1110058 | OG7: =OF7*P7*O7 -> 3234.1297 | OH7: =OE7+OG7 -> 6327.3839 | OJ7: =OD7-OF7 -> -48353 | OK7: =OJ7*P7*O7 -> -140.87541 | OL7: 452527.3 | OM7: =OL7*N7 -> 2701.588 | ON7: 451422.7 | OO7: =ON7*N7 -> 2694.9935 | OP7: =(OL7-ON7)*N7 -> 6.594462
A8: 46059 | B8: 153.54 | C8: 74.78 | D8: 172.7 | E8: 449.85 | F8: 390.33 | G8: 0.002 | H8: 3.408 | I8: 594.85 | J8: 108.91 | K8: 678.79 | L8: 51.46 | M8: 326.97 | N8: 0.00632 | O8: 76.506 | P8: 3.318e-05 | R8: 46059 | S8: 1378940.5 | T8: =S8*P8*O8 -> 3500.3978 | U8: 1340497.2 | V8: =U8*P8*O8 -> 3402.8107 | W8: =T8+V8 -> 6903.2086 | Y8: =S8-U8 -> 38443.302 | Z8: =Y8*P8*O8 -> 97.587133 | AA8: 22.548844 | AB8: =AA8*B8 -> 3462.1495 | AC8: 23.637214 | AD8: =AC8*B8 -> 3629.2579 | AE8: =(AA8-AC8)*B8 -> -167.10839 | AG8: 46059 | AH8: 1323989.6 | AI8: =AH8*P8*O8 -> 3360.9067 | AJ8: 1299368.1 | AK8: =AJ8*P8*O8 -> 3298.4056 | AL8: =AI8+AK8 -> 6659.3124 | AN8: =AH8-AJ8 -> 24621.574 | AO8: =AN8*P8*O8 -> 62.501104 | AP8: 21.865076 | AQ8: =AP8*B8 -> 3357.1638 | AR8: 22.740056 | AS8: =AR8*B8 -> 3491.5082 | AT8: =(AP8-AR8)*B8 -> -134.34434 | AV8: 46059 | AW8: 1365298.1 | AX8: =AW8*P8*O8 -> 3465.7671 | AY8: 1340414 | AZ8: =AY8*P8*O8 -> 3402.5994 | BA8: =AX8+AZ8 -> 6868.3665 | BC8: =AW8-AY8 -> 24884.178 | BD8: =BC8*P8*O8 -> 63.167716 | BE8: 45.606455 | BF8: =BE8*C8 -> 3410.4507 | BG8: 47.306491 | BH8: =BG8*C8 -> 3537.5794 | BI8: =(BE8-BG8)*C8 -> -127.12869 | BK8: 46059 | BL8: 1230452.7 | BM8: =BL8*P8*O8 -> 3123.466 | BN8: 1198215.2 | BO8: =BN8*P8*O8 -> 3041.6323 | BP8: =BM8+BO8 -> 6165.0983 | BR8: =BL8-BN8 -> 32237.432 | BS8: =BR8*P8*O8 -> 81.833725 | BT8: 40.671984 | BU8: =BT8*C8 -> 3041.451 | BV8: 42.567835 | BW8: =BV8*C8 -> 3183.2227 | BX8: =(BT8-BV8)*C8 -> -141.77174 | BZ8: 46059 | CA8: 1301199.9 | CB8: =CA8*P8*O8 -> 3303.0556 | CC8: 1268567.5 | CD8: =CC8*P8*O8 -> 3220.2193 | CE8: =CB8+CD8 -> 6523.2749 | CG8: =CA8-CC8 -> 32632.375 | CH8: =CG8*P8*O8 -> 82.836276 | CI8: 18.747284 | CJ8: =CI8*D8 -> 3237.6559 | CK8: 19.619598 | CL8: =CK8*D8 -> 3388.3046 | CM8: =(CI8-CK8)*D8 -> -150.64868 | CO8: 46059 | CP8: 1286683.7 | CQ8: =CP8*P8*O8 -> 3266.2068 | CR8: 1270740.3 | CS8: =CR8*P8*O8 -> 3225.735 | CT8: =CQ8+CS8 -> 6491.9418 | CV8: =CP8-CR8 -> 15943.374 | CW8: =CV8*P8*O8 -> 40.471762 | CX8: 18.783646 | CY8: =CX8*D8 -> 3243.9357 | CZ8: 19.400951 | DA8: =CZ8*D8 -> 3350.5443 | DB8: =(CX8-CZ8)*D8 -> -106.60865 | DD8: 46059 | DE8: 1316980.9 | DF8: =DE8*P8*O8 -> 3343.1153 | DG8: 1308651.3 | DH8: =DG8*P8*O8 -> 3321.9709 | DI8: =DF8+DH8 -> 6665.0863 | DK8: =DE8-DG8 -> 8329.5727 | DL8: =DK8*P8*O8 -> 21.144363 | DM8: 7.6405859 | DN8: =DM8*E8 -> 3437.1176 | DO8: 7.8597677 | DP8: =DO8*E8 -> 3535.7165 | DQ8: =(DM8-DO8)*E8 -> -98.598946 | DS8: 46059 | DT8: 1340736.1 | DU8: =DT8*P8*O8 -> 3403.4172 | DV8: 1291938.1 | DW8: =DV8*P8*O8 -> 3279.545 | DX8: =DU8+DW8 -> 6682.9622 | DZ8: =DT8-DV8 -> 48798.023 | EA8: =DZ8*P8*O8 -> 123.87227 | EB8: 7.5422422 | EC8: =EB8*E8 -> 3392.8776 | ED8: 8.0144952 | EE8: =ED8*E8 -> 3605.3206 | EF8: =(EB8-ED8)*E8 -> -212.443 | EH8: 46059 | EI8: 3556642 | EJ8: =EI8*P8*O8 -> 9028.4257 | EK8: 3652884 | EL8: =EK8*P8*O8 -> 9272.7331 | EM8: =EJ8+EL8 -> 18301.159 | EO8: =EI8-EK8 -> -96242 | EP8: =EO8*P8*O8 -> -244.30734 | EQ8: 22.76601 | ER8: =EQ8*F8 -> 8886.2567 | ES8: 23.60236 | ET8: =ES8*F8 -> 9212.7092 | EU8: =(EQ8-ES8)*F8 -> -326.4525 | EW8: 46059 | EX8: 3319839 | EY8: =EX8*P8*O8 -> 8427.3087 | EZ8: 3357675 | FA8: =EZ8*P8*O8 -> 8523.3542 | FB8: =EY8+FA8 -> 16950.663 | FD8: =EX8-EZ8 -> -37836 | FE8: =FD8*P8*O8 -> -96.045516 | FF8: 21.05843 | FG8: =FF8*F8 -> 8219.737 | FH8: 22.02392 | FI8: =FH8*F8 -> 8596.5967 | FJ8: =(FF8-FH8)*F8 -> -376.85971 | FL8: 46059 | FM8: 1008973 | FN8: =FM8*P8*O8 -> 2561.2468 | FO8: 1002688 | FP8: =FO8*P8*O8 -> 2545.2925 | FQ8: =FN8+FP8 -> 5106.5392 | FS8: =FM8-FO8 -> 6285 | FT8: =FS8*P8*O8 -> 15.954278 | FU8: 1279671 | FV8: =FU8*G8 -> 2559.342 | FW8: 1342952 | FX8: =FW8*G8 -> 2685.904 | FY8: =(FU8-FW8)*G8 -> -126.562 | GA8: 46059 | GB8: 992250.9 | GC8: =GB8*P8*O8 -> 2518.7982 | GD8: 970662.4 | GE8: =GD8*P8*O8 -> 2463.9965 | GF8: =GC8+GE8 -> 4982.7947 | GH8: =GB8-GD8 -> 21588.5 | GI8: =GH8*P8*O8 -> 54.80174 | GJ8: 1237635 | GK8: =GJ8*G8 -> 2475.27 | GL8: 1318827 | GM8: =GL8*G8 -> 2637.654 | GN8: =(GJ8-GL8)*G8 -> -162.384 | GP8: 46059 | GQ8: 1000670 | GR8: =GQ8*P8*O8 -> 2540.1699 | GS8: 980569 | GT8: =GS8*P8*O8 -> 2489.1441 | GU8: =GR8+GT8 -> 5029.3139 | GW8: =GQ8-GS8 -> 20101 | GX8: =GW8*P8*O8 -> 51.025767 | GY8: 745.1145 | GZ8: =GY8*H8 -> 2539.3502 | HA8: 791.527 | HB8: =HA8*H8 -> 2697.524 | HC8: =(GY8-HA8)*H8 -> -158.1738 | HE8: 46059 | HF8: 966699.7 | HG8: =HF8*P8*O8 -> 2453.9373 | HH8: 971081.8 | HI8: =HH8*P8*O8 -> 2465.0611 | HJ8: =HG8+HI8 -> 4918.9984 | HL8: =HF8-HH8 -> -4382.1 | HM8: =HL8*P8*O8 -> -11.123825 | HN8: 737.0295 | HO8: =HN8*H8 -> 2511.7965 | HP8: 764.7307 | HQ8: =HP8*H8 -> 2606.2022 | HR8: =(HN8-HP8)*H8 -> -94.40569 | HT8: 46059 | HU8: 1002573 | HV8: =HU8*P8*O8 -> 2545.0006 | HW8: 986686 | HX8: =HW8*P8*O8 -> 2504.6719 | HY8: =HV8+HX8 -> 5049.6725 | IA8: =HU8-HW8 -> 15887 | IB8: =IA8*P8*O8 -> 40.328658 | IC8: 4.218867 | ID8: =IC8*I8 -> 2509.593 | IE8: 4.49052 | IF8: =IE8*I8 -> 2671.1858 | IG8: =(IC8-IE8)*I8 -> -161.59279 | II8: 46059 | IJ8: 1007793 | IK8: =IJ8*P8*O8 -> 2558.2514 | IL8: 975912.2 | IM8: =IL8*P8*O8 -> 2477.3229 | IN8: =IK8+IM8 -> 5035.5743 | IP8: =IJ8-IL8 -> 31880.8 | IQ8: =IP8*P8*O8 -> 80.928425 | IR8: 4.135907 | IS8: =IR8*I8 -> 2460.2443 | IT8: 4.514743 | IU8: =IT8*I8 -> 2685.5949 | IV8: =(IR8-IT8)*I8 -> -225.35059 | IX8: 46059 | IY8: 499253.2 | IZ8: =IY8*P8*O8 -> 1267.3388 | JA8: 440847.3 | JB8: =JA8*P8*O8 -> 1119.0772 | JC8: =IZ8+JB8 -> 2386.4161 | JE8: =IY8-JA8 -> 58405.9 | JF8: =JE8*P8*O8 -> 148.26157 | JG8: 9.011146 | JH8: =JG8*J8 -> 981.40391 | JI8: 10.43935 | JJ8: =JI8*J8 -> 1136.9496 | JK8: =(JG8-JI8)*J8 -> -155.5457 | JM8: 46059 | JN8: 448533.5 | JO8: =JN8*P8*O8 -> 1138.5884 | JP8: 400959.2 | JQ8: =JP8*P8*O8 -> 1017.8225 | JR8: =JO8+JQ8 -> 2156.411 | JT8: =JN8-JP8 -> 47574.3 | JU8: =JT8*P8*O8 -> 120.76589 | JV8: 8.179409 | JW8: =JV8*J8 -> 890.81943 | JX8: 9.367091 | JY8: =JX8*J8 -> 1020.1699 | JZ8: =(JV8-JX8)*J8 -> -129.35045 | KB8: 46059 | KC8: 555177.73 | KD8: =KC8*P8*O8 -> 1409.3015 | KE8: 514603.14 | KF8: =KE8*P8*O8 -> 1306.3042 | KG8: =KD8+KF8 -> 2715.6056 | KI8: =KC8-KE8 -> 40574.587 | KJ8: =KI8*P8*O8 -> 102.99733 | KK8: 2.0313503 | KL8: =KK8*K8 -> 1378.8603 | KM8: 2.2356541 | KN8: =KM8*K8 -> 1517.5396 | KO8: =(KK8-KM8)*K8 -> -138.67938 | KQ8: 46059 | KR8: 1322329 | KS8: =KR8*P8*O8 -> 3356.6913 | KT8: 1313030.8 | KU8: =KT8*P8*O8 -> 3333.0881 | KV8: =KS8+KU8 -> 6689.7794 | KX8: =KR8-KT8 -> 9298.1862 | KY8: =KX8*P8*O8 -> 23.603158 | KZ8: 5.062447 | LA8: =KZ8*K8 -> 3436.3384 | LB8: 5.2088763 | LC8: =LB8*K8 -> 3535.7331 | LD8: =(KZ8-LB8)*K8 -> -99.394732 | LF8: 46059 | LG8: 1216834.8 | LH8: =LG8*P8*O8 -> 3088.8976 | LI8: 1175245.2 | LJ8: =LI8*P8*O8 -> 2983.3237 | LK8: =LH8+LJ8 -> 6072.2212 | LM8: =LG8-LI8 -> 41589.598 | LN8: =LM8*P8*O8 -> 105.57391 | LO8: 57.837042 | LP8: =LO8*L8 -> 2976.2942 | LQ8: 61.111782 | LR8: =LQ8*L8 -> 3144.8123 | LS8: =(LO8-LQ8)*L8 -> -168.51812 | LU8: 46059 | LV8: 1180085.9 | LW8: =LV8*P8*O8 -> 2995.6116 | LX8: 1156079.3 | LY8: =LX8*P8*O8 -> 2934.6715 | LZ8: =LW8+LY8 -> 5930.2831 | MB8: =LV8-LX8 -> 24006.642 | MC8: =MB8*P8*O8 -> 60.940119 | MD8: 56.973812 | ME8: =MD8*L8 -> 2931.8724 | MF8: 59.293291 | MG8: =MF8*L8 -> 3051.2327 | MH8: =(MD8-MF8)*L8 -> -119.36039 | MJ8: 46059 | MK8: 1363847 | ML8: =MK8*P8*O8 -> 3462.0834 | MM8: 1332855 | MN8: =MM8*P8*O8 -> 3383.4112 | MO8: =ML8+MN8 -> 6845.4946 | MQ8: =MK8-MM8 -> 30992 | MR8: =MQ8*P8*O8 -> 78.672234 | MS8: 10.71974 | MT8: =MS8*M8 -> 3505.0334 | MU8: 11.20577 | MV8: =MU8*M8 -> 3663.9506 | MW8: =(MS8-MU8)*M8 -> -158.91723 | MY8: 46059 | MZ8: 1399864 | NA8: =MZ8*P8*O8 -> 3553.5115 | NB8: 1346127 | NC8: =NB8*P8*O8 -> 3417.1018 | ND8: =NA8+NC8 -> 6970.6132 | NF8: =MZ8-NB8 -> 53737 | NG8: =NF8*P8*O8 -> 136.40971 | NH8: 10.82538 | NI8: =NH8*M8 -> 3539.5745 | NJ8: 11.51871 | NK8: =NJ8*M8 -> 3766.2726 | NL8: =(NH8-NJ8)*M8 -> -226.69811 | NN8: 46059 | NO8: 1303940 | NP8: =NO8*P8*O8 -> 3310.0114 | NQ8: 1291648 | NR8: =NQ8*P8*O8 -> 3278.8085 | NS8: =NP8+NR8 -> 6588.8199 | NU8: =NO8-NQ8 -> 12292 | NV8: =NU8*P8*O8 -> 31.202862 | NW8: 524436.5 | NX8: =NW8*N8 -> 3314.4387 | NY8: 551349.6 | NZ8: =NY8*N8 -> 3484.5295 | OA8: =(NW8-NY8)*N8 -> -170.09079 | OC8: 46059 | OD8: 1268032 | OE8: =OD8*P8*O8 -> 3218.86 | OF8: 1246847 | OG8: =OF8*P8*O8 -> 3165.0826 | OH8: =OE8+OG8 -> 6383.9426 | OJ8: =OD8-OF8 -> 21185 | OK8: =OJ8*P8*O8 -> 53.777467 | OL8: 506196.5 | OM8: =OL8*N8 -> 3199.1619 | ON8: 536353.3 | OO8: =ON8*N8 -> 3389.7529 | OP8: =(OL8-ON8)*N8 -> -190.59098
A9: 46060 | B9: 165.9 | C9: 84.3 | D9: 185.27 | E9: 452.85 | F9: 412.8 | G9: 0.00206 | H9: 3.372 | I9: 610.86 | J9: 135.31 | K9: 693.54 | L9: 56.93 | M9: 324.42 | N9: 0.00665 | O9: 87.497 | P9: 3.12e-05 | R9: 46060 | S9: 1248757 | T9: =S9*P9*O9 -> 3408.9898 | U9: 1209432.5 | V9: =U9*P9*O9 -> 3301.6374 | W9: =T9+V9 -> 6710.6272 | Y9: =S9-U9 -> 39324.575 | Z9: =Y9*P9*O9 -> 107.35241 | AA9: 19.613329 | AB9: =AA9*B9 -> 3253.8513 | AC9: 20.65279 | AD9: =AC9*B9 -> 3426.2978 | AE9: =(AA9-AC9)*B9 -> -172.44657 | AG9: 46060 | AH9: 1263360.3 | AI9: =AH9*P9*O9 -> 3448.8553 | AJ9: 1206931.8 | AK9: =AJ9*P9*O9 -> 3294.8109 | AL9: =AI9+AK9 -> 6743.6662 | AN9: =AH9-AJ9 -> 56428.442 | AO9: =AN9*P9*O9 -> 154.04436 | AP9: 19.564802 | AQ9: =AP9*B9 -> 3245.8006 | AR9: 20.905305 | AS9: =AR9*B9 -> 3468.1902 | AT9: =(AP9-AR9)*B9 -> -222.38959 | AV9: 46060 | AW9: 1295282.8 | AX9: =AW9*P9*O9 -> 3536.0008 | AY9: 1253004.2 | AZ9: =AY9*P9*O9 -> 3420.5842 | BA9: =AX9+AZ9 -> 6956.585 | BC9: =AW9-AY9 -> 42278.617 | BD9: =BC9*P9*O9 -> 115.41667 | BE9: 39.937007 | BF9: =BE9*C9 -> 3366.6897 | BG9: 42.113515 | BH9: =BG9*C9 -> 3550.1693 | BI9: =(BE9-BG9)*C9 -> -183.47963 | BK9: 46060 | BL9: 1227112.9 | BM9: =BL9*P9*O9 -> 3349.9033 | BN9: 1194105.4 | BO9: =BN9*P9*O9 -> 3259.7961 | BP9: =BM9+BO9 -> 6609.6994 | BR9: =BL9-BN9 -> 33007.444 | BS9: =BR9*P9*O9 -> 90.107232 | BT9: 38.055048 | BU9: =BT9*C9 -> 3208.0406 | BV9: 39.904574 | BW9: =BV9*C9 -> 3363.9556 | BX9: =(BT9-BV9)*C9 -> -155.91496 | BZ9: 46060 | CA9: 1205295.1 | CB9: =CA9*P9*O9 -> 3290.3428 | CC9: 1255172.2 | CD9: =CC9*P9*O9 -> 3426.5027 | CE9: =CB9+CD9 -> 6716.8455 | CG9: =CA9-CC9 -> -49877.15 | CH9: =CG9*P9*O9 -> -136.15995 | CI9: 18.108345 | CJ9: =CI9*D9 -> 3354.9331 | CK9: 17.73772 | CL9: =CK9*D9 -> 3286.2674 | CM9: =(CI9-CK9)*D9 -> 68.665688 | CO9: 46060 | CP9: 1174465.9 | CQ9: =CP9*P9*O9 -> 3206.1819 | CR9: 1257832.4 | CS9: =CR9*P9*O9 -> 3433.7647 | CT9: =CQ9+CS9 -> 6639.9465 | CV9: =CP9-CR9 -> -83366.535 | CW9: =CV9*P9*O9 -> -227.58284 | CX9: 18.133983 | CY9: =CX9*D9 -> 3359.683 | CZ9: 17.287823 | DA9: =CZ9*D9 -> 3202.9149 | DB9: =(CX9-CZ9)*D9 -> 156.76808 | DD9: 46060 | DE9: 1305707.4 | DF9: =DE9*P9*O9 -> 3564.4589 | DG9: 1266349.9 | DH9: =DG9*P9*O9 -> 3457.0167 | DI9: =DF9+DH9 -> 7021.4756 | DK9: =DE9-DG9 -> 39357.496 | DL9: =DK9*P9*O9 -> 107.44228 | DM9: 7.4187333 | DN9: =DM9*E9 -> 3359.5734 | DO9: 7.8033228 | DP9: =DO9*E9 -> 3533.7347 | DQ9: =(DM9-DO9)*E9 -> -174.16138 | DS9: 46060 | DT9: 1232783.3 | DU9: =DT9*P9*O9 -> 3365.3831 | DV9: 1212976.8 | DW9: =DV9*P9*O9 -> 3311.313 | DX9: =DU9+DW9 -> 6676.6961 | DZ9: =DT9-DV9 -> 19806.563 | EA9: =DZ9*P9*O9 -> 54.070064 | EB9: 7.106011 | EC9: =EB9*E9 -> 3217.9571 | ED9: 7.3676347 | EE9: =ED9*E9 -> 3336.4334 | EF9: =(EB9-ED9)*E9 -> -118.47628 | EH9: 46060 | EI9: 3543798 | EJ9: =EI9*P9*O9 -> 9674.2368 | EK9: 3632326 | EL9: =EK9*P9*O9 -> 9915.91 | EM9: =EJ9+EL9 -> 19590.147 | EO9: =EI9-EK9 -> -88528 | EP9: =EO9*P9*O9 -> -241.67315 | EQ9: 23.79201 | ER9: =EQ9*F9 -> 9821.3417 | ES9: 23.31951 | ET9: =ES9*F9 -> 9626.2937 | EU9: =(EQ9-ES9)*F9 -> 195.048 | EW9: 46060 | EX9: 3479017 | EY9: =EX9*P9*O9 -> 9497.3908 | EZ9: 3546934 | FA9: =EZ9*P9*O9 -> 9682.7978 | FB9: =EY9+FA9 -> 19180.189 | FD9: =EX9-EZ9 -> -67917 | FE9: =FD9*P9*O9 -> -185.40705 | FF9: 23.18801 | FG9: =FF9*F9 -> 9572.0105 | FH9: 22.9158 | FI9: =FH9*F9 -> 9459.6422 | FJ9: =(FF9-FH9)*F9 -> 112.36829 | FL9: 46060 | FM9: 916457.2 | FN9: =FM9*P9*O9 -> 2501.8424 | FO9: 974073.2 | FP9: =FO9*P9*O9 -> 2659.1287 | FQ9: =FN9+FP9 -> 5160.971 | FS9: =FM9-FO9 -> -57616 | FT9: =FS9*P9*O9 -> -157.28629 | FU9: 1244898 | FV9: =FU9*G9 -> 2564.4899 | FW9: 1218567 | FX9: =FW9*G9 -> 2510.248 | FY9: =(FU9-FW9)*G9 -> 54.24186 | GA9: 46060 | GB9: 925059.3 | GC9: =GB9*P9*O9 -> 2525.3253 | GD9: 997407.4 | GE9: =GD9*P9*O9 -> 2722.8288 | GF9: =GC9+GE9 -> 5248.1541 | GH9: =GB9-GD9 -> -72348.1 | GI9: =GH9*P9*O9 -> -197.50354 | GJ9: 1273933 | GK9: =GJ9*G9 -> 2624.302 | GL9: 1230361 | GM9: =GL9*G9 -> 2534.5437 | GN9: =(GJ9-GL9)*G9 -> 89.75832 | GP9: 46060 | GQ9: 933039.3 | GR9: =GQ9*P9*O9 -> 2547.11 | GS9: 994168.2 | GT9: =GS9*P9*O9 -> 2713.9861 | GU9: =GR9+GT9 -> 5261.0961 | GW9: =GQ9-GS9 -> -61128.9 | GX9: =GW9*P9*O9 -> -166.87618 | GY9: 772.7714 | GZ9: =GY9*H9 -> 2605.7852 | HA9: 754.6599 | HB9: =HA9*H9 -> 2544.7132 | HC9: =(GY9-HA9)*H9 -> 61.071978 | HE9: 46060 | HF9: 905778.9 | HG9: =HF9*P9*O9 -> 2472.6916 | HH9: 975725.4 | HI9: =HH9*P9*O9 -> 2663.639 | HJ9: =HG9+HI9 -> 5136.3306 | HL9: =HF9-HH9 -> -69946.5 | HM9: =HL9*P9*O9 -> -190.9474 | HN9: 757.9772 | HO9: =HN9*H9 -> 2555.8991 | HP9: 732.6604 | HQ9: =HP9*H9 -> 2470.5309 | HR9: =(HN9-HP9)*H9 -> 85.36825 | HT9: 46060 | HU9: 914125.7 | HV9: =HU9*P9*O9 -> 2495.4776 | HW9: 991848.7 | HX9: =HW9*P9*O9 -> 2707.6541 | HY9: =HV9+HX9 -> 5203.1317 | IA9: =HU9-HW9 -> -77723 | IB9: =IA9*P9*O9 -> -212.17652 | IC9: 4.322529 | ID9: =IC9*I9 -> 2640.4601 | IE9: 4.14808 | IF9: =IE9*I9 -> 2533.8961 | IG9: =(IC9-IE9)*I9 -> 106.56392 | II9: 46060 | IJ9: 916705.3 | IK9: =IJ9*P9*O9 -> 2502.5197 | IL9: 986929.2 | IM9: =IL9*P9*O9 -> 2694.2243 | IN9: =IK9+IM9 -> 5196.744 | IP9: =IJ9-IL9 -> -70223.9 | IQ9: =IP9*P9*O9 -> -191.70467 | IR9: 4.300303 | IS9: =IR9*I9 -> 2626.8831 | IT9: 4.159517 | IU9: =IT9*I9 -> 2540.8826 | IV9: =(IR9-IT9)*I9 -> 86.000536 | IX9: 46060 | IY9: 1258557 | IZ9: =IY9*P9*O9 -> 3435.7428 | JA9: 1235550 | JB9: =JA9*P9*O9 -> 3372.9359 | JC9: =IZ9+JB9 -> 6808.6787 | JE9: =IY9-JA9 -> 23007 | JF9: =JE9*P9*O9 -> 62.806957 | JG9: 24.70651 | JH9: =JG9*J9 -> 3343.0379 | JI9: 25.67195 | JJ9: =JI9*J9 -> 3473.6716 | JK9: =(JG9-JI9)*J9 -> -130.63369 | JM9: 46060 | JN9: 1253045 | JO9: =JN9*P9*O9 -> 3420.6956 | JP9: 1216690.4 | JQ9: =JP9*P9*O9 -> 3321.4508 | JR9: =JO9+JQ9 -> 6742.1464 | JT9: =JN9-JP9 -> 36354.637 | JU9: =JT9*P9*O9 -> 99.244756 | JV9: 24.32526 | JW9: =JV9*J9 -> 3291.4509 | JX9: 25.56643 | JY9: =JX9*J9 -> 3459.3936 | JZ9: =(JV9-JX9)*J9 -> -167.94271 | KB9: 46060 | KC9: 1252255.7 | KD9: =KC9*P9*O9 -> 3418.5409 | KE9: 1220540.5 | KF9: =KE9*P9*O9 -> 3331.9613 | KG9: =KD9+KF9 -> 6750.5022 | KI9: =KC9-KE9 -> 31715.238 | KJ9: =KI9*P9*O9 -> 86.57963 | KK9: 4.804873 | KL9: =KK9*K9 -> 3332.3716 | KM9: 5.0281602 | KN9: =KM9*K9 -> 3487.2302 | KO9: =(KK9-KM9)*K9 -> -154.85858 | KQ9: 46060 | KR9: 1239753.1 | KS9: =KR9*P9*O9 -> 3384.4099 | KT9: 1207495.6 | KU9: =KT9*P9*O9 -> 3296.3499 | KV9: =KS9+KU9 -> 6680.7597 | KX9: =KR9-KT9 -> 32257.523 | KY9: =KX9*P9*O9 -> 88.06002 | KZ9: 4.7531482 | LA9: =KZ9*K9 -> 3296.4984 | LB9: 4.9804706 | LC9: =LB9*K9 -> 3454.1556 | LD9: =(KZ9-LB9)*K9 -> -157.65718 | LF9: 46060 | LG9: 1216882.4 | LH9: =LG9*P9*O9 -> 3321.9751 | LI9: 1287813 | LJ9: =LI9*P9*O9 -> 3515.609 | LK9: =LH9+LJ9 -> 6837.5841 | LM9: =LG9-LI9 -> -70930.569 | LN9: =LM9*P9*O9 -> -193.63381 | LO9: 60.623974 | LP9: =LO9*L9 -> 3451.3228 | LQ9: 58.410574 | LR9: =LQ9*L9 -> 3325.314 | LS9: =(LO9-LQ9)*L9 -> 126.00887 | LU9: 46060 | LV9: 1169246.6 | LW9: =LV9*P9*O9 -> 3191.9337 | LX9: 1225589.5 | LY9: =LX9*P9*O9 -> 3345.7447 | LZ9: =LW9+LY9 -> 6537.6784 | MB9: =LV9-LX9 -> -56342.97 | MC9: =MB9*P9*O9 -> -153.81104 | MD9: 57.647756 | ME9: =MD9*L9 -> 3281.8868 | MF9: 56.159287 | MG9: =MF9*L9 -> 3197.1482 | MH9: =(MD9-MF9)*L9 -> 84.738579 | MJ9: 46060 | MK9: 1287771 | ML9: =MK9*P9*O9 -> 3515.4943 | MM9: 1264301 | MN9: =MM9*P9*O9 -> 3451.4234 | MO9: =ML9+MN9 -> 6966.9177 | MQ9: =MK9-MM9 -> 23470 | MR9: =MQ9*P9*O9 -> 64.070903 | MS9: 10.47052 | MT9: =MS9*M9 -> 3396.8461 | MU9: 10.87276 | MV9: =MU9*M9 -> 3527.3408 | MW9: =(MS9-MU9)*M9 -> -130.4947 | MY9: 46060 | MZ9: 1259019 | NA9: =MZ9*P9*O9 -> 3437.004 | NB9: 1236631 | NC9: =NB9*P9*O9 -> 3375.8869 | ND9: =NA9+NC9 -> 6812.8909 | NF9: =MZ9-NB9 -> 22388 | NG9: =NF9*P9*O9 -> 61.117144 | NH9: 10.23938 | NI9: =NH9*M9 -> 3321.8597 | NJ9: 10.63732 | NK9: =NJ9*M9 -> 3450.9594 | NL9: =(NH9-NJ9)*M9 -> -129.09969 | NN9: 46060 | NO9: 1188087 | NP9: =NO9*P9*O9 -> 3243.3663 | NQ9: 1265048 | NR9: =NQ9*P9*O9 -> 3453.4626 | NS9: =NP9+NR9 -> 6696.8289 | NU9: =NO9-NQ9 -> -76961 | NV9: =NU9*P9*O9 -> -210.09633 | NW9: 507498.9 | NX9: =NW9*N9 -> 3374.8677 | NY9: 496122 | NZ9: =NY9*N9 -> 3299.2113 | OA9: =(NW9-NY9)*N9 -> 75.656385 | OC9: 46060 | OD9: 1201275 | OE9: =OD9*P9*O9 -> 3279.3683 | OF9: 1266810 | OG9: =OF9*P9*O9 -> 3458.2727 | OH9: =OE9+OG9 -> 6737.641 | OJ9: =OD9-OF9 -> -65535 | OK9: =OJ9*P9*O9 -> -178.90442 | OL9: 508118.6 | OM9: =OL9*N9 -> 3378.9887 | ON9: 501690.6 | OO9: =ON9*N9 -> 3336.2425 | OP9: =(OL9-ON9)*N9 -> 42.7462
A10: 46061 | B10: 167.04 | C10: 84.33 | D10: 185.4 | E10: 457.78 | F10: 412.1 | G10: 0.00209 | H10: 3.358 | I10: 613.54 | J10: 135.78 | K10: 692.5 | L10: 57.4 | M10: 325.17 | N10: 0.00648 | O10: 87.241 | P10: 3.059e-05 | R10: 46061 | S10: 1201178.8 | T10: =S10*P10*O10 -> 3205.5885 | U10: 1268275 | V10: =U10*P10*O10 -> 3384.6483 | W10: =T10+V10 -> 6590.2369 | Y10: =S10-U10 -> -67096.197 | Z10: =Y10*P10*O10 -> -179.05977 | AA10: 20.334182 | AB10: =AA10*B10 -> 3396.6218 | AC10: 19.643174 | AD10: =AC10*B10 -> 3281.1959 | AE10: =(AA10-AC10)*B10 -> 115.42598 | AG10: 46061 | AH10: 1142424.5 | AI10: =AH10*P10*O10 -> 3048.7909 | AJ10: 1223271.8 | AK10: =AJ10*P10*O10 -> 3264.548 | AL10: =AI10+AK10 -> 6313.3389 | AN10: =AH10-AJ10 -> -80847.209 | AO10: =AN10*P10*O10 -> -215.75712 | AP10: 19.601042 | AQ10: =AP10*B10 -> 3274.158 | AR10: 18.693354 | AS10: =AR10*B10 -> 3122.5378 | AT10: =(AP10-AR10)*B10 -> 151.62016 | AV10: 46061 | AW10: 1228983.7 | AX10: =AW10*P10*O10 -> 3279.7915 | AY10: 1291209.5 | AZ10: =AY10*P10*O10 -> 3445.8536 | BA10: =AX10+AZ10 -> 6725.6452 | BC10: =AW10-AY10 -> -62225.777 | BD10: =BC10*P10*O10 -> -166.06207 | BE10: 40.942367 | BF10: =BE10*C10 -> 3452.6698 | BG10: 39.758554 | BH10: =BG10*C10 -> 3352.8389 | BI10: =(BE10-BG10)*C10 -> 99.830926 | BK10: 46061 | BL10: 1220132.7 | BM10: =BL10*P10*O10 -> 3256.1709 | BN10: 1270600.5 | BO10: =BN10*P10*O10 -> 3390.8544 | BP10: =BM10+BO10 -> 6647.0252 | BR10: =BL10-BN10 -> -50467.785 | BS10: =BR10*P10*O10 -> -134.68349 | BT10: 40.275983 | BU10: =BT10*C10 -> 3396.4737 | BV10: 39.476831 | BW10: =BV10*C10 -> 3329.0811 | BX10: =(BT10-BV10)*C10 -> 67.392534 | BZ10: 46061 | CA10: 1293947.5 | CB10: =CA10*P10*O10 -> 3453.1605 | CC10: 1255846.7 | CD10: =CC10*P10*O10 -> 3351.4809 | CE10: =CB10+CD10 -> 6804.6414 | CG10: =CA10-CC10 -> 38100.792 | CH10: =CG10*P10*O10 -> 101.67967 | CI10: 18.087909 | CJ10: =CI10*D10 -> 3353.4982 | CK10: 19.010557 | CL10: =CK10*D10 -> 3524.5573 | CM10: =(CI10-CK10)*D10 -> -171.0591 | CO10: 46061 | CP10: 1248892 | CQ10: =CP10*P10*O10 -> 3332.9209 | CR10: 1221525.3 | CS10: =CR10*P10*O10 -> 3259.8873 | CT10: =CQ10+CS10 -> 6592.8082 | CV10: =CP10-CR10 -> 27366.729 | CW10: =CV10*P10*O10 -> 73.033649 | CX10: 17.589694 | CY10: =CX10*D10 -> 3261.1292 | CZ10: 18.35637 | DA10: =CZ10*D10 -> 3403.271 | DB10: =(CX10-CZ10)*D10 -> -142.14174 | DD10: 46061 | DE10: 1241985.5 | DF10: =DE10*P10*O10 -> 3314.4893 | DG10: 1307294.2 | DH10: =DG10*P10*O10 -> 3488.7789 | DI10: =DF10+DH10 -> 6803.2682 | DK10: =DE10-DG10 -> -65308.765 | DL10: =DK10*P10*O10 -> -174.28964 | DM10: 7.6220263 | DN10: =DM10*E10 -> 3489.2112 | DO10: 7.3893674 | DP10: =DO10*E10 -> 3382.7046 | DQ10: =(DM10-DO10)*E10 -> 106.5066 | DS10: 46061 | DT10: 1163387.3 | DU10: =DT10*P10*O10 -> 3104.7342 | DV10: 1195423.9 | DW10: =DV10*P10*O10 -> 3190.2303 | DX10: =DU10+DW10 -> 6294.9645 | DZ10: =DT10-DV10 -> -32036.605 | EA10: =DZ10*P10*O10 -> -85.496157 | EB10: 6.9682954 | EC10: =EB10*E10 -> 3189.9463 | ED10: 6.9224535 | EE10: =ED10*E10 -> 3168.9608 | EF10: =(EB10-ED10)*E10 -> 20.985487 | EH10: 46061 | EI10: 3688037 | EJ10: =EI10*P10*O10 -> 9842.2724 | EK10: 3635599 | EL10: =EK10*P10*O10 -> 9702.331 | EM10: =EJ10+EL10 -> 19544.603 | EO10: =EI10-EK10 -> 52438 | EP10: =EO10*P10*O10 -> 139.94141 | EQ10: 23.80801 | ER10: =EQ10*F10 -> 9811.2809 | ES10: 24.25944 | ET10: =ES10*F10 -> 9997.3152 | EU10: =(EQ10-ES10)*F10 -> -186.0343 | EW10: 46061 | EX10: 3667444 | EY10: =EX10*P10*O10 -> 9787.3158 | EZ10: 3619435 | FA10: =EZ10*P10*O10 -> 9659.1941 | FB10: =EY10+FA10 -> 19446.51 | FD10: =EX10-EZ10 -> 48009 | FE10: =FD10*P10*O10 -> 128.12172 | FF10: 23.67321 | FG10: =FF10*F10 -> 9755.7298 | FH10: 24.15827 | FI10: =FH10*F10 -> 9955.6231 | FJ10: =(FF10-FH10)*F10 -> -199.89323 | FL10: 46061 | FM10: 963803.3 | FN10: =FM10*P10*O10 -> 2572.104 | FO10: 940463.7 | FP10: =FO10*P10*O10 -> 2509.8175 | FQ10: =FN10+FP10 -> 5081.9215 | FS10: =FM10-FO10 -> 23339.6 | FT10: =FS10*P10*O10 -> 62.286442 | FU10: 1179528 | FV10: =FU10*G10 -> 2465.2135 | FW10: 1257531 | FX10: =FW10*G10 -> 2628.2398 | FY10: =(FU10-FW10)*G10 -> -163.02627 | GA10: 46061 | GB10: 931064.1 | GC10: =GB10*P10*O10 -> 2484.7328 | GD10: 887581.5 | GE10: =GD10*P10*O10 -> 2368.6907 | GF10: =GC10+GE10 -> 4853.4235 | GH10: =GB10-GD10 -> 43482.6 | GI10: =GH10*P10*O10 -> 116.04211 | GJ10: 1113273 | GK10: =GJ10*G10 -> 2326.7406 | GL10: 1215375 | GM10: =GL10*G10 -> 2540.1337 | GN10: =(GJ10-GL10)*G10 -> -213.39318 | GP10: 46061 | GQ10: 931692.2 | GR10: =GQ10*P10*O10 -> 2486.409 | GS10: 884297.7 | GT10: =GS10*P10*O10 -> 2359.9272 | GU10: =GR10+GT10 -> 4846.3362 | GW10: =GQ10-GS10 -> 47394.5 | GX10: =GW10*P10*O10 -> 126.48181 | GY10: 692.0452 | GZ10: =GY10*H10 -> 2323.8878 | HA10: 758.8698 | HB10: =HA10*H10 -> 2548.2848 | HC10: =(GY10-HA10)*H10 -> -224.39701 | HE10: 46061 | HF10: 913310.1 | HG10: =HF10*P10*O10 -> 2437.3527 | HH10: 832569.4 | HI10: =HH10*P10*O10 -> 2221.8798 | HJ10: =HG10+HI10 -> 4659.2324 | HL10: =HF10-HH10 -> 80740.7 | HM10: =HL10*P10*O10 -> 215.47288 | HN10: 650.6581 | HO10: =HN10*H10 -> 2184.9099 | HP10: 744.021 | HQ10: =HP10*H10 -> 2498.4225 | HR10: =(HN10-HP10)*H10 -> -313.51262 | HT10: 46061 | HU10: 874846 | HV10: =HU10*P10*O10 -> 2334.7034 | HW10: 796254.1 | HX10: =HW10*P10*O10 -> 2124.9651 | HY10: =HV10+HX10 -> 4459.6685 | IA10: =HU10-HW10 -> 78591.9 | IB10: =IA10*P10*O10 -> 209.73838 | IC10: 3.441432 | ID10: =IC10*I10 -> 2111.4562 | IE10: 3.936264 | IF10: =IE10*I10 -> 2415.0554 | IG10: =(IC10-IE10)*I10 -> -303.59923 | II10: 46061 | IJ10: 887806.6 | IK10: =IJ10*P10*O10 -> 2369.2914 | IL10: 839261.1 | IM10: =IL10*P10*O10 -> 2239.7379 | IN10: =IK10+IM10 -> 4609.0294 | IP10: =IJ10-IL10 -> 48545.5 | IQ10: =IP10*P10*O10 -> 129.55348 | IR10: 3.626612 | IS10: =IR10*I10 -> 2225.0715 | IT10: 3.993492 | IU10: =IT10*I10 -> 2450.1671 | IV10: =(IR10-IT10)*I10 -> -225.09556 | IX10: 46061 | IY10: 1249288 | IZ10: =IY10*P10*O10 -> 3333.9776 | JA10: 1286931 | JB10: =JA10*P10*O10 -> 3434.4356 | JC10: =IZ10+JB10 -> 6768.4132 | JE10: =IY10-JA10 -> -37643 | JF10: =JE10*P10*O10 -> -100.45796 | JG10: 25.49842 | JH10: =JG10*J10 -> 3462.1755 | JI10: 25.23117 | JJ10: =JI10*J10 -> 3425.8883 | JK10: =(JG10-JI10)*J10 -> 36.287205 | JM10: 46061 | JN10: 1215570 | JO10: =JN10*P10*O10 -> 3243.9943 | JP10: 1278478 | JQ10: =JP10*P10*O10 -> 3411.877 | JR10: =JO10+JQ10 -> 6655.8714 | JT10: =JN10-JP10 -> -62908 | JU10: =JT10*P10*O10 -> -167.88272 | JV10: 25.32223 | JW10: =JV10*J10 -> 3438.2524 | JX10: 24.55886 | JY10: =JX10*J10 -> 3334.602 | JZ10: =(JV10-JX10)*J10 -> 103.65038 | KB10: 46061 | KC10: 1205222.2 | KD10: =KC10*P10*O10 -> 3216.3791 | KE10: 1275452.2 | KF10: =KE10*P10*O10 -> 3403.8022 | KG10: =KD10+KF10 -> 6620.1813 | KI10: =KC10-KE10 -> -70230.044 | KJ10: =KI10*P10*O10 -> -187.42307 | KK10: 5.010601 | KL10: =KK10*K10 -> 3469.8412 | KM10: 4.8298408 | KN10: =KM10*K10 -> 3344.6647 | KO10: =(KK10-KM10)*K10 -> 125.17644 | KQ10: 46061 | KR10: 1154413.6 | KS10: =KR10*P10*O10 -> 3080.786 | KT10: 1214201.1 | KU10: =KT10*P10*O10 -> 3240.3412 | KV10: =KS10+KU10 -> 6321.1272 | KX10: =KR10-KT10 -> -59787.555 | KY10: =KX10*P10*O10 -> -159.55518 | KZ10: 4.7678459 | LA10: =KZ10*K10 -> 3301.7333 | LB10: 4.627416 | LC10: =LB10*K10 -> 3204.4856 | LD10: =(KZ10-LB10)*K10 -> 97.247702 | LF10: 46061 | LG10: 1258365.5 | LH10: =LG10*P10*O10 -> 3358.2028 | LI10: 1225677.4 | LJ10: =LI10*P10*O10 -> 3270.9681 | LK10: =LH10+LJ10 -> 6629.1709 | LM10: =LG10-LI10 -> 32688.064 | LN10: =LM10*P10*O10 -> 87.234709 | LO10: 57.211863 | LP10: =LO10*L10 -> 3283.961 | LQ10: 59.936463 | LR10: =LQ10*L10 -> 3440.353 | LS10: =(LO10-LQ10)*L10 -> -156.39201 | LU10: 46061 | LV10: 1223868.5 | LW10: =LV10*P10*O10 -> 3266.1404 | LX10: 1179232.8 | LY10: =LX10*P10*O10 -> 3147.0212 | LZ10: =LW10+LY10 -> 6413.1616 | MB10: =LV10-LX10 -> 44635.637 | MC10: =MB10*P10*O10 -> 119.11922 | MD10: 55.041021 | ME10: =MD10*L10 -> 3159.3546 | MF10: 58.322584 | MG10: =MF10*L10 -> 3347.7163 | MH10: =(MD10-MF10)*L10 -> -188.36174 | MJ10: 46061 | MK10: 1236997 | ML10: =MK10*P10*O10 -> 3301.1766 | MM10: 1300514 | MN10: =MM10*P10*O10 -> 3470.6846 | MO10: =ML10+MN10 -> 6771.8612 | MQ10: =MK10-MM10 -> -63517 | MR10: =MQ10*P10*O10 -> -169.50796 | MS10: 10.72134 | MT10: =MS10*M10 -> 3486.2581 | MU10: 10.40393 | MV10: =MU10*M10 -> 3383.0459 | MW10: =(MS10-MU10)*M10 -> 103.21221 | MY10: 46061 | MZ10: 1178777 | NA10: =MZ10*P10*O10 -> 3145.8048 | NB10: 1244633 | NC10: =NB10*P10*O10 -> 3321.5548 | ND10: =NA10+NC10 -> 6467.3596 | NF10: =MZ10-NB10 -> -65856 | NG10: =NF10*P10*O10 -> -175.75005 | NH10: 10.25709 | NI10: =NH10*M10 -> 3335.298 | NJ10: 9.917271 | NK10: =NJ10*M10 -> 3224.799 | NL10: =(NH10-NJ10)*M10 -> 110.49894 | NN10: 46061 | NO10: 1228489 | NP10: =NO10*P10*O10 -> 3278.4713 | NQ10: 1182774 | NR10: =NQ10*P10*O10 -> 3156.4716 | NS10: =NP10+NR10 -> 6434.9428 | NU10: =NO10-NQ10 -> 45715 | NV10: =NU10*P10*O10 -> 121.99972 | NW10: 475430.2 | NX10: =NW10*N10 -> 3080.7877 | NY10: 514116.7 | NZ10: =NY10*N10 -> 3331.4762 | OA10: =(NW10-NY10)*N10 -> -250.68852 | OC10: 46061 | OD10: 1087513 | OE10: =OD10*P10*O10 -> 2902.2483 | OF10: 1054161 | OG10: =OF10*P10*O10 -> 2813.2418 | OH10: =OE10+OG10 -> 5715.4901 | OJ10: =OD10-OF10 -> 33352 | OK10: =OJ10*P10*O10 -> 89.006555 | OL10: 423698.9 | OM10: =OL10*N10 -> 2745.5689 | ON10: 455186.6 | OO10: =ON10*N10 -> 2949.6092 | OP10: =(OL10-ON10)*N10 -> -204.0403
A11: 46062 | B11: 167.26 | C11: 86.53 | D11: 190.15 | E11: 466.61 | F11: 418.28 | G11: 0.002 | H11: 3.361 | I11: 615.47 | J11: 137.19 | K11: 696.53 | L11: 59.74 | M11: 324.89 | N11: 0.00637 | O11: 86.743 | P11: 3.12e-05 | R11: 46062 | S11: 1025323 | T11: =S11*P11*O11 -> 2774.9154 | U11: 999719.71 | V11: =U11*P11*O11 -> 2705.623 | W11: =T11+V11 -> 5480.5384 | Y11: =S11-U11 -> 25603.328 | Z11: =Y11*P11*O11 -> 69.292375 | AA11: 16.021925 | AB11: =AA11*B11 -> 2679.8272 | AC11: 16.76373 | AD11: =AC11*B11 -> 2803.9015 | AE11: =(AA11-AC11)*B11 -> -124.0743 | AG11: 46062 | AH11: 1001946.2 | AI11: =AH11*P11*O11 -> 2711.6488 | AJ11: 956639.47 | AK11: =AJ11*P11*O11 -> 2589.0315 | AL11: =AI11+AK11 -> 5300.6802 | AN11: =AH11-AJ11 -> 45306.74 | AO11: =AN11*P11*O11 -> 122.61733 | AP11: 15.328565 | AQ11: =AP11*B11 -> 2563.8558 | AR11: 16.396158 | AS11: =AR11*B11 -> 2742.4213 | AT11: =(AP11-AR11)*B11 -> -178.56555 | AV11: 46062 | AW11: 1008722.8 | AX11: =AW11*P11*O11 -> 2729.9888 | AY11: 958995.06 | AZ11: =AY11*P11*O11 -> 2595.4066 | BA11: =AX11+AZ11 -> 5325.3954 | BC11: =AW11-AY11 -> 49727.719 | BD11: =BC11*P11*O11 -> 134.58218 | BE11: 29.811597 | BF11: =BE11*C11 -> 2579.5975 | BG11: 31.972984 | BH11: =BG11*C11 -> 2766.6223 | BI11: =(BE11-BG11)*C11 -> -187.02479 | BK11: 46062 | BL11: 949406.4 | BM11: =BL11*P11*O11 -> 2569.456 | BN11: 924662.11 | BO11: =BN11*P11*O11 -> 2502.4885 | BP11: =BM11+BO11 -> 5071.9445 | BR11: =BL11-BN11 -> 24744.285 | BS11: =BR11*P11*O11 -> 66.967477 | BT11: 28.738143 | BU11: =BT11*C11 -> 2486.7115 | BV11: 30.095889 | BW11: =BV11*C11 -> 2604.1973 | BX11: =(BT11-BV11)*C11 -> -117.48579 | BZ11: 46062 | CA11: 976535.6 | CB11: =CA11*P11*O11 -> 2642.878 | CC11: 942687.38 | CD11: =CC11*P11*O11 -> 2551.2718 | CE11: =CB11+CD11 -> 5194.1498 | CG11: =CA11-CC11 -> 33848.219 | CH11: =CG11*P11*O11 -> 91.606198 | CI11: 13.527231 | CJ11: =CI11*D11 -> 2572.2029 | CK11: 14.272494 | CL11: =CK11*D11 -> 2713.9147 | CM11: =(CI11-CK11)*D11 -> -141.71176 | CO11: 46062 | CP11: 1009333.9 | CQ11: =CP11*P11*O11 -> 2731.6427 | CR11: 932207.2 | CS11: =CR11*P11*O11 -> 2522.9084 | CT11: =CQ11+CS11 -> 5254.5511 | CV11: =CP11-CR11 -> 77126.694 | CW11: =CV11*P11*O11 -> 208.73427 | CX11: 13.36943 | CY11: =CX11*D11 -> 2542.1972 | CZ11: 14.749751 | DA11: =CZ11*D11 -> 2804.6652 | DB11: =(CX11-CZ11)*D11 -> -262.46802 | DD11: 46062 | DE11: 1015256.3 | DF11: =DE11*P11*O11 -> 2747.6709 | DG11: 981827.33 | DH11: =DG11*P11*O11 -> 2657.1994 | DI11: =DF11+DH11 -> 5404.8704 | DK11: =DE11-DG11 -> 33428.963 | DL11: =DK11*P11*O11 -> 90.47153 | DM11: 5.6726835 | DN11: =DM11*E11 -> 2646.9309 | DO11: 5.9793199 | DP11: =DO11*E11 -> 2790.0105 | DQ11: =(DM11-DO11)*E11 -> -143.07963 | DS11: 46062 | DT11: 992619.18 | DU11: =DT11*P11*O11 -> 2686.4063 | DV11: 970260.45 | DW11: =DV11*P11*O11 -> 2625.895 | DX11: =DU11+DW11 -> 5312.3013 | DZ11: =DT11-DV11 -> 22358.737 | EA11: =DZ11*P11*O11 -> 60.511275 | EB11: 5.6053877 | EC11: =EB11*E11 -> 2615.53 | ED11: 5.8474776 | EE11: =ED11*E11 -> 2728.4915 | EF11: =(EB11-ED11)*E11 -> -112.96158 | EH11: 46062 | EI11: 2898072 | EJ11: =EI11*P11*O11 -> 7843.2887 | EK11: 2858092 | EL11: =EK11*P11*O11 -> 7735.0876 | EM11: =EJ11+EL11 -> 15578.376 | EO11: =EI11-EK11 -> 39980 | EP11: =EO11*P11*O11 -> 108.20114 | EQ11: 18.57348 | ER11: =EQ11*F11 -> 7768.9152 | ES11: 18.92126 | ET11: =ES11*F11 -> 7914.3846 | EU11: =(EQ11-ES11)*F11 -> -145.46942 | EW11: 46062 | EX11: 2868493 | EY11: =EX11*P11*O11 -> 7763.2367 | EZ11: 2827184 | FA11: =EZ11*P11*O11 -> 7651.4388 | FB11: =EY11+FA11 -> 15414.675 | FD11: =EX11-EZ11 -> 41309 | FE11: =FD11*P11*O11 -> 111.79792 | FF11: 18.33527 | FG11: =FF11*F11 -> 7669.2767 | FH11: 18.73688 | FI11: =FH11*F11 -> 7837.2622 | FJ11: =(FF11-FH11)*F11 -> -167.98543 | FL11: 46062 | FM11: 774668.2 | FN11: =FM11*P11*O11 -> 2096.5478 | FO11: 706298.6 | FP11: =FO11*P11*O11 -> 1911.5135 | FQ11: =FN11+FP11 -> 4008.0613 | FS11: =FM11-FO11 -> 68369.6 | FT11: =FS11*P11*O11 -> 185.03423 | FU11: 889578.8 | FV11: =FU11*G11 -> 1779.1576 | FW11: 1017193 | FX11: =FW11*G11 -> 2034.386 | FY11: =(FU11-FW11)*G11 -> -255.2284 | GA11: 46062 | GB11: 768145.1 | GC11: =GB11*P11*O11 -> 2078.8938 | GD11: 735030.3 | GE11: =GD11*P11*O11 -> 1989.2725 | GF11: =GC11+GE11 -> 4068.1662 | GH11: =GB11-GD11 -> 33114.8 | GI11: =GH11*P11*O11 -> 89.621285 | GJ11: 925643.8 | GK11: =GJ11*G11 -> 1851.2876 | GL11: 1008771 | GM11: =GL11*G11 -> 2017.542 | GN11: =(GJ11-GL11)*G11 -> -166.2544 | GP11: 46062 | GQ11: 736828.8 | GR11: =GQ11*P11*O11 -> 1994.1399 | GS11: 737271 | GT11: =GS11*P11*O11 -> 1995.3367 | GU11: =GR11+GT11 -> 3989.4766 | GW11: =GQ11-GS11 -> -442.2 | GX11: =GW11*P11*O11 -> -1.1967619 | GY11: 580.9969 | GZ11: =GY11*H11 -> 1952.7306 | HA11: 604.3043 | HB11: =HA11*H11 -> 2031.0668 | HC11: =(GY11-HA11)*H11 -> -78.336171 | HE11: 46062 | HF11: 743552 | HG11: =HF11*P11*O11 -> 2012.3355 | HH11: 724238.7 | HI11: =HH11*P11*O11 -> 1960.0663 | HJ11: =HG11+HI11 -> 3972.4017 | HL11: =HF11-HH11 -> 19313.3 | HM11: =HL11*P11*O11 -> 52.26916 | HN11: 569.9468 | HO11: =HN11*H11 -> 1915.5912 | HP11: 609.7293 | HQ11: =HP11*H11 -> 2049.3002 | HR11: =(HN11-HP11)*H11 -> -133.70898 | HT11: 46062 | HU11: 708727.7 | HV11: =HU11*P11*O11 -> 1918.0876 | HW11: 734775.2 | HX11: =HW11*P11*O11 -> 1988.5821 | HY11: =HV11+HX11 -> 3906.6697 | IA11: =HU11-HW11 -> -26047.5 | IB11: =IA11*P11*O11 -> -70.494475 | IC11: 3.166765 | ID11: =IC11*I11 -> 1949.0489 | IE11: 3.180387 | IF11: =IE11*I11 -> 1957.4328 | IG11: =(IC11-IE11)*I11 -> -8.3839323 | II11: 46062 | IJ11: 698877.4 | IK11: =IJ11*P11*O11 -> 1891.4289 | IL11: 697875.6 | IM11: =IL11*P11*O11 -> 1888.7177 | IN11: =IK11+IM11 -> 3780.1466 | IP11: =IJ11-IL11 -> 1001.8 | IQ11: =IP11*P11*O11 -> 2.7112531 | IR11: 3.007874 | IS11: =IR11*I11 -> 1851.2562 | IT11: 3.136575 | IU11: =IT11*I11 -> 1930.4678 | IV11: =(IR11-IT11)*I11 -> -79.211604 | IX11: 46062 | IY11: 1029751 | IZ11: =IY11*P11*O11 -> 2786.8992 | JA11: 953445.7 | JB11: =JA11*P11*O11 -> 2580.3879 | JC11: =IZ11+JB11 -> 5367.2871 | JE11: =IY11-JA11 -> 76305.3 | JF11: =JE11*P11*O11 -> 206.51126 | JG11: 18.98203 | JH11: =JG11*J11 -> 2604.1447 | JI11: 20.93393 | JJ11: =JI11*J11 -> 2871.9259 | JK11: =(JG11-JI11)*J11 -> -267.78116 | JM11: 46062 | JN11: 1011441 | JO11: =JN11*P11*O11 -> 2737.3453 | JP11: 911327.6 | JQ11: =JP11*P11*O11 -> 2466.4002 | JR11: =JO11+JQ11 -> 5203.7456 | JT11: =JN11-JP11 -> 100113.4 | JU11: =JT11*P11*O11 -> 270.94506 | JV11: 18.14579 | JW11: =JV11*J11 -> 2489.4209 | JX11: 20.56687 | JY11: =JX11*J11 -> 2821.5689 | JZ11: =(JV11-JX11)*J11 -> -332.14797 | KB11: 46062 | KC11: 1029998.6 | KD11: =KC11*P11*O11 -> 2787.5694 | KE11: 944064.88 | KF11: =KE11*P11*O11 -> 2554.9998 | KG11: =KD11+KF11 -> 5342.5692 | KI11: =KC11-KE11 -> 85933.77 | KJ11: =KI11*P11*O11 -> 232.56957 | KK11: 3.6980493 | KL11: =KK11*K11 -> 2575.8023 | KM11: 4.1147772 | KN11: =KM11*K11 -> 2866.0658 | KO11: =(KK11-KM11)*K11 -> -290.26352 | KQ11: 46062 | KR11: 1077337.1 | KS11: =KR11*P11*O11 -> 2915.6854 | KT11: 980078.76 | KU11: =KT11*P11*O11 -> 2652.4671 | KV11: =KS11+KU11 -> 5568.1525 | KX11: =KR11-KT11 -> 97258.383 | KY11: =KX11*P11*O11 -> 263.2183 | KZ11: 3.8373504 | LA11: =KZ11*K11 -> 2672.8296 | LB11: 4.304166 | LC11: =LB11*K11 -> 2997.9807 | LD11: =(KZ11-LB11)*K11 -> -325.15108 | LF11: 46062 | LG11: 972063.59 | LH11: =LG11*P11*O11 -> 2630.775 | LI11: 966029.8 | LJ11: =LI11*P11*O11 -> 2614.4453 | LK11: =LH11+LJ11 -> 5245.2203 | LM11: =LG11-LI11 -> 6033.7992 | LN11: =LM11*P11*O11 -> 16.329763 | LO11: 44.381821 | LP11: =LO11*L11 -> 2651.37 | LQ11: 45.511918 | LR11: =LQ11*L11 -> 2718.882 | LS11: =(LO11-LQ11)*L11 -> -67.511973 | LU11: 46062 | LV11: 918849.55 | LW11: =LV11*P11*O11 -> 2486.7575 | LX11: 954999.17 | LY11: =LX11*P11*O11 -> 2584.5922 | LZ11: =LW11+LY11 -> 5071.3497 | MB11: =LV11-LX11 -> -36149.619 | MC11: =MB11*P11*O11 -> -97.834663 | MD11: 43.846208 | ME11: =MD11*L11 -> 2619.3725 | MF11: 43.055685 | MG11: =MF11*L11 -> 2572.1466 | MH11: =(MD11-MF11)*L11 -> 47.225874 | MJ11: 46062 | MK11: 1095829 | ML11: =MK11*P11*O11 -> 2965.7314 | MM11: 985321.6 | MN11: =MM11*P11*O11 -> 2666.6562 | MO11: =ML11+MN11 -> 5632.3877 | MQ11: =MK11-MM11 -> 110507.4 | MR11: =MQ11*P11*O11 -> 299.07519 | MS11: 8.109826 | MT11: =MS11*M11 -> 2634.8014 | MU11: 9.203363 | MV11: =MU11*M11 -> 2990.0806 | MW11: =(MS11-MU11)*M11 -> -355.27924 | MY11: 46062 | MZ11: 1101524 | NA11: =MZ11*P11*O11 -> 2981.1443 | NB11: 999772.2 | NC11: =NB11*P11*O11 -> 2705.7651 | ND11: =NA11+NC11 -> 5686.9094 | NF11: =MZ11-NB11 -> 101751.8 | NG11: =NF11*P11*O11 -> 275.3792 | NH11: 8.226946 | NI11: =NH11*M11 -> 2672.8525 | NJ11: 9.254514 | NK11: =NJ11*M11 -> 3006.6991 | NL11: =(NH11-NJ11)*M11 -> -333.84657 | NN11: 46062 | NO11: 981414.4 | NP11: =NO11*P11*O11 -> 2656.0819 | NQ11: 996551.6 | NR11: =NQ11*P11*O11 -> 2697.0489 | NS11: =NP11+NR11 -> 5353.1308 | NU11: =NO11-NQ11 -> -15137.2 | NV11: =NU11*P11*O11 -> -40.96704 | NW11: 405232 | NX11: =NW11*N11 -> 2581.3278 | NY11: 415408.7 | NZ11: =NY11*N11 -> 2646.1534 | OA11: =(NW11-NY11)*N11 -> -64.825579 | OC11: 46062 | OD11: 979949.3 | OE11: =OD11*P11*O11 -> 2652.1168 | OF11: 986687.3 | OG11: =OF11*P11*O11 -> 2670.3524 | OH11: =OE11+OG11 -> 5322.4691 | OJ11: =OD11-OF11 -> -6738 | OK11: =OJ11*P11*O11 -> -18.235599 | OL11: 401174.6 | OM11: =OL11*N11 -> 2555.4822 | ON11: 414848.2 | OO11: =ON11*N11 -> 2642.583 | OP11: =(OL11-ON11)*N11 -> -87.100832
A12: 46063 | B12: 165.38 | C12: 86.56 | D12: 191.25 | E12: 462.52 | F12: 425.34 | G12: 0.00191 | H12: 3.238 | I12: 613.41 | J12: 133.07 | K12: 696.91 | L12: 59.61 | M12: 319.02 | N12: 0.00614 | O12: 86.579 | P12: 3.136e-05 | R12: 46063 | S12: 790087 | T12: =S12*P12*O12 -> 2145.179 | U12: 807705.92 | V12: =U12*P12*O12 -> 2193.0164 | W12: =T12+V12 -> 4338.1954 | Y12: =S12-U12 -> -17618.926 | Z12: =Y12*P12*O12 -> -47.837454 | AA12: 12.886296 | AB12: =AA12*B12 -> 2131.1356 | AC12: 12.855718 | AD12: =AC12*B12 -> 2126.0786 | AE12: =(AA12-AC12)*B12 -> 5.056983 | AG12: 46063 | AH12: 786504.86 | AI12: =AH12*P12*O12 -> 2135.4531 | AJ12: 804348.76 | AK12: =AJ12*P12*O12 -> 2183.9013 | AL12: =AI12+AK12 -> 4319.3544 | AN12: =AH12-AJ12 -> -17843.899 | AO12: =AN12*P12*O12 -> -48.448282 | AP12: 12.830769 | AQ12: =AP12*B12 -> 2121.9526 | AR12: 12.809287 | AS12: =AR12*B12 -> 2118.3998 | AT12: =(AP12-AR12)*B12 -> 3.5527973 | AV12: 46063 | AW12: 779374.84 | AX12: =AW12*P12*O12 -> 2116.0942 | AY12: 811081.72 | AZ12: =AY12*P12*O12 -> 2202.1821 | BA12: =AX12+AZ12 -> 4318.2764 | BC12: =AW12-AY12 -> -31706.878 | BD12: =BC12*P12*O12 -> -86.087898 | BE12: 24.883417 | BF12: =BE12*C12 -> 2153.9086 | BG12: 24.381144 | BH12: =BG12*C12 -> 2110.4318 | BI12: =(BE12-BG12)*C12 -> 43.476771 | BK12: 46063 | BL12: 805389.36 | BM12: =BL12*P12*O12 -> 2186.7267 | BN12: 811081.72 | BO12: =BN12*P12*O12 -> 2202.1821 | BP12: =BM12+BO12 -> 4388.9088 | BR12: =BL12-BN12 -> -5692.3621 | BS12: =BR12*P12*O12 -> -15.455432 | BT12: 24.881544 | BU12: =BT12*C12 -> 2153.7465 | BV12: 25.19619 | BW12: =BV12*C12 -> 2180.9822 | BX12: =(BT12-BV12)*C12 -> -27.235786 | BZ12: 46063 | CA12: 798475.2 | CB12: =CA12*P12*O12 -> 2167.954 | CC12: 806737.35 | CD12: =CC12*P12*O12 -> 2190.3867 | CE12: =CB12+CD12 -> 4358.3406 | CG12: =CA12-CC12 -> -8262.1482 | CH12: =CG12*P12*O12 -> -22.432703 | CI12: 11.196119 | CJ12: =CI12*D12 -> 2141.2578 | CK12: 11.307211 | CL12: =CK12*D12 -> 2162.5041 | CM12: =(CI12-CK12)*D12 -> -21.246349 | CO12: 46063 | CP12: 798422.09 | CQ12: =CP12*P12*O12 -> 2167.8097 | CR12: 813871.88 | CS12: =CR12*P12*O12 -> 2209.7577 | CT12: =CQ12+CS12 -> 4377.5675 | CV12: =CP12-CR12 -> -15449.788 | CW12: =CV12*P12*O12 -> -41.947988 | CX12: 11.299616 | CY12: =CX12*D12 -> 2161.0515 | CZ12: 11.307211 | DA12: =CZ12*D12 -> 2162.5041 | DB12: =(CX12-CZ12)*D12 -> -1.4526489 | DD12: 46063 | DE12: 800856.33 | DF12: =DE12*P12*O12 -> 2174.419 | DG12: 807840.99 | DH12: =DG12*P12*O12 -> 2193.3832 | DI12: =DF12+DH12 -> 4367.8022 | DK12: =DE12-DG12 -> -6984.6597 | DL12: =DK12*P12*O12 -> -18.964171 | DM12: 4.6085916 | DN12: =DM12*E12 -> 2131.5658 | DO12: 4.6618312 | DP12: =DO12*E12 -> 2156.1901 | DQ12: =(DM12-DO12)*E12 -> -24.624357 | DS12: 46063 | DT12: 807257.48 | DU12: =DT12*P12*O12 -> 2191.7989 | DV12: 807840.99 | DW12: =DV12*P12*O12 -> 2193.3832 | DX12: =DU12+DW12 -> 4385.182 | DZ12: =DT12-DV12 -> -583.50896 | EA12: =DZ12*P12*O12 -> -1.5842954 | EB12: 4.6084176 | EC12: =EB12*E12 -> 2131.4853 | ED12: 4.6943731 | EE12: =ED12*E12 -> 2171.2414 | EF12: =(EB12-ED12)*E12 -> -39.756152 | EH12: 46063 | EI12: 2238357 | EJ12: =EI12*P12*O12 -> 6077.4021 | EK12: 2227759 | EL12: =EK12*P12*O12 -> 6048.6273 | EM12: =EJ12+EL12 -> 12126.029 | EO12: =EI12-EK12 -> 10598 | EP12: =EO12*P12*O12 -> 28.774815 | EQ12: 14.03875 | ER12: =EQ12*F12 -> 5971.2419 | ES12: 14.16188 | ET12: =ES12*F12 -> 6023.614 | EU12: =(EQ12-ES12)*F12 -> -52.372114 | EW12: 46063 | EX12: 2237333 | EY12: =EX12*P12*O12 -> 6074.6218 | EZ12: 2246204 | FA12: =EZ12*P12*O12 -> 6098.7077 | FB12: =EY12+FA12 -> 12173.33 | FD12: =EX12-EZ12 -> -8871 | FE12: =FD12*P12*O12 -> -24.085807 | FF12: 14.12505 | FG12: =FF12*F12 -> 6007.9488 | FH12: 14.16188 | FI12: =FH12*F12 -> 6023.614 | FJ12: =(FF12-FH12)*F12 -> -15.665272 | FL12: 46063 | FM12: 619869.9 | FN12: =FM12*P12*O12 -> 1683.0196 | FO12: 629870.1 | FP12: =FO12*P12*O12 -> 1710.1713 | FQ12: =FN12+FP12 -> 3393.1909 | FS12: =FM12-FO12 -> -10000.2 | FT12: =FS12*P12*O12 -> -27.151717 | FU12: 828459 | FV12: =FU12*G12 -> 1582.3567 | FW12: 848876 | FX12: =FW12*G12 -> 1621.3532 | FY12: =(FU12-FW12)*G12 -> -38.99647 | GA12: 46063 | GB12: 619828.8 | GC12: =GB12*P12*O12 -> 1682.908 | GD12: 617197.5 | GE12: =GD12*P12*O12 -> 1675.7637 | GF12: =GC12+GE12 -> 3358.6717 | GH12: =GB12-GD12 -> 2631.3 | GI12: =GH12*P12*O12 -> 7.1442885 | GJ12: 811737.1 | GK12: =GJ12*G12 -> 1550.4179 | GL12: 848876 | GM12: =GL12*G12 -> 1621.3532 | GN12: =(GJ12-GL12)*G12 -> -70.935299 | GP12: 46063 | GQ12: 616619.8 | GR12: =GQ12*P12*O12 -> 1674.1952 | GS12: 633316.2 | GT12: =GS12*P12*O12 -> 1719.5279 | GU12: =GR12+GT12 -> 3393.723 | GW12: =GQ12-GS12 -> -16696.4 | GX12: =GW12*P12*O12 -> -45.332687 | GY12: 499.4666 | GZ12: =GY12*H12 -> 1617.2729 | HA12: 506.2158 | HB12: =HA12*H12 -> 1639.1268 | HC12: =(GY12-HA12)*H12 -> -21.85391 | HE12: 46063 | HF12: 616557.1 | HG12: =HF12*P12*O12 -> 1674.0249 | HH12: 615369 | HI12: =HH12*P12*O12 -> 1670.7991 | HJ12: =HG12+HI12 -> 3344.824 | HL12: =HF12-HH12 -> 1188.1 | HM12: =HL12*P12*O12 -> 3.225831 | HN12: 485.2468 | HO12: =HN12*H12 -> 1571.2291 | HP12: 506.2158 | HQ12: =HP12*H12 -> 1639.1268 | HR12: =(HN12-HP12)*H12 -> -67.897622 | HT12: 46063 | HU12: 601574.1 | HV12: =HU12*P12*O12 -> 1633.3443 | HW12: 621467.2 | HX12: =HW12*P12*O12 -> 1687.3564 | HY12: =HV12+HX12 -> 3320.7008 | IA12: =HU12-HW12 -> -19893.1 | IB12: =IA12*P12*O12 -> -54.012103 | IC12: 2.640049 | ID12: =IC12*I12 -> 1619.4325 | IE12: 2.661461 | IF12: =IE12*I12 -> 1632.5668 | IG12: =(IC12-IE12)*I12 -> -13.134335 | II12: 46063 | IJ12: 607788.1 | IK12: =IJ12*P12*O12 -> 1650.2161 | IL12: 624135.9 | IM12: =IL12*P12*O12 -> 1694.6023 | IN12: =IK12+IM12 -> 3344.8183 | IP12: =IJ12-IL12 -> -16347.8 | IQ12: =IP12*P12*O12 -> -44.386197 | IR12: 2.651128 | IS12: =IR12*I12 -> 1626.2284 | IT12: 2.688045 | IU12: =IT12*I12 -> 1648.8737 | IV12: =(IR12-IT12)*I12 -> -22.645257 | IX12: 46063 | IY12: 746432.7 | IZ12: =IY12*P12*O12 -> 2026.6524 | JA12: 818729.7 | JB12: =JA12*P12*O12 -> 2222.9473 | JC12: =IZ12+JB12 -> 4249.5997 | JE12: =IY12-JA12 -> -72297 | JF12: =JE12*P12*O12 -> -196.29485 | JG12: 15.93605 | JH12: =JG12*J12 -> 2120.6102 | JI12: 14.81179 | JJ12: =JI12*J12 -> 1971.0049 | JK12: =(JG12-JI12)*J12 -> 149.60528 | JM12: 46063 | JN12: 749877.8 | JO12: =JN12*P12*O12 -> 2036.0063 | JP12: 819712.6 | JQ12: =JP12*P12*O12 -> 2225.616 | JR12: =JO12+JQ12 -> 4261.6223 | JT12: =JN12-JP12 -> -69834.8 | JU12: =JT12*P12*O12 -> -189.60968 | JV12: 15.95382 | JW12: =JV12*J12 -> 2122.9748 | JX12: 14.88433 | JY12: =JX12*J12 -> 1980.6578 | JZ12: =(JV12-JX12)*J12 -> 142.31703 | KB12: 46063 | KC12: 785694.87 | KD12: =KC12*P12*O12 -> 2133.2538 | KE12: 820287.65 | KF12: =KE12*P12*O12 -> 2227.1773 | KG12: =KD12+KF12 -> 4360.4311 | KI12: =KC12-KE12 -> -34592.782 | KJ12: =KI12*P12*O12 -> -93.923465 | KK12: 3.1401683 | KL12: =KK12*K12 -> 2188.4147 | KM12: 3.064313 | KN12: =KM12*K12 -> 2135.5504 | KO12: =(KK12-KM12)*K12 -> 52.864292 | KQ12: 46063 | KR12: 762329.6 | KS12: =KR12*P12*O12 -> 2069.8144 | KT12: 811181.43 | KU12: =KT12*P12*O12 -> 2202.4529 | KV12: =KS12+KU12 -> 4272.2673 | KX12: =KR12-KT12 -> -48851.83 | KY12: =KX12*P12*O12 -> -132.63846 | KZ12: 3.1053799 | LA12: =KZ12*K12 -> 2164.1703 | LB12: 2.9714991 | LC12: =LB12*K12 -> 2070.8674 | LD12: =(KZ12-LB12)*K12 -> 93.302854 | LF12: 46063 | LG12: 794970.75 | LH12: =LG12*P12*O12 -> 2158.4389 | LI12: 759919.09 | LJ12: =LI12*P12*O12 -> 2063.2696 | LK12: =LH12+LJ12 -> 4221.7085 | LM12: =LG12-LI12 -> 35051.663 | LN12: =LM12*P12*O12 -> 95.169382 | LO12: 33.314151 | LP12: =LO12*L12 -> 1985.8565 | LQ12: 35.601728 | LR12: =LQ12*L12 -> 2122.219 | LS12: =(LO12-LQ12)*L12 -> -136.3625 | LU12: 46063 | LV12: 818786.89 | LW12: =LV12*P12*O12 -> 2223.1026 | LX12: 760998.99 | LY12: =LX12*P12*O12 -> 2066.2016 | LZ12: =LW12+LY12 -> 4289.3042 | MB12: =LV12-LX12 -> 57787.904 | MC12: =MB12*P12*O12 -> 156.90095 | MD12: 33.342485 | ME12: =MD12*L12 -> 1987.5455 | MF12: 36.697513 | MG12: =MF12*L12 -> 2187.5387 | MH12: =(MD12-MF12)*L12 -> -199.99319 | MJ12: 46063 | MK12: 763788.6 | ML12: =MK12*P12*O12 -> 2073.7757 | MM12: 833357.2 | MN12: =MM12*P12*O12 -> 2262.6627 | MO12: =ML12+MN12 -> 4336.4384 | MQ12: =MK12-MM12 -> -69568.6 | MR12: =MQ12*P12*O12 -> -188.88692 | MS12: 6.798466 | MT12: =MS12*M12 -> 2168.8466 | MU12: 6.351144 | MV12: =MU12*M12 -> 2026.142 | MW12: =(MS12-MU12)*M12 -> 142.70466 | MY12: 46063 | MZ12: 762599.5 | NA12: =MZ12*P12*O12 -> 2070.5472 | NB12: 828151.3 | NC12: =NB12*P12*O12 -> 2248.528 | ND12: =NA12+NC12 -> 4319.0752 | NF12: =MZ12-NB12 -> -65551.8 | NG12: =NF12*P12*O12 -> -177.98084 | NH12: 6.75443 | NI12: =NH12*M12 -> 2154.7983 | NJ12: 6.340108 | NK12: =NJ12*M12 -> 2022.6213 | NL12: =(NH12-NJ12)*M12 -> 132.177 | NN12: 46063 | NO12: 797198.5 | NP12: =NO12*P12*O12 -> 2164.4876 | NQ12: 743518.1 | NR12: =NQ12*P12*O12 -> 2018.739 | NS12: =NP12+NR12 -> 4183.2265 | NU12: =NO12-NQ12 -> 53680.4 | NV12: =NU12*P12*O12 -> 145.74859 | NW12: 310920.3 | NX12: =NW12*N12 -> 1909.0506 | NY12: 346629.3 | NZ12: =NY12*N12 -> 2128.3039 | OA12: =(NW12-NY12)*N12 -> -219.25326 | OC12: 46063 | OD12: 798803.7 | OE12: =OD12*P12*O12 -> 2168.8459 | OF12: 765792.5 | OG12: =OF12*P12*O12 -> 2079.2166 | OH12: =OE12+OG12 -> 4248.0624 | OJ12: =OD12-OF12 -> 33011.2 | OK12: =OJ12*P12*O12 -> 89.629285 | OL12: 320086.2 | OM12: =OL12*N12 -> 1965.3293 | ON12: 347332.5 | OO12: =ON12*N12 -> 2132.6215 | OP12: =(OL12-ON12)*N12 -> -167.29228
A13: 46064 | B13: 166.48 | C13: 78.23 | D13: 189.15 | E13: 464.47 | F13: 427.27 | G13: 0.00184 | H13: 3.218 | I13: 612.59 | J13: 125.89 | K13: 695.87 | L13: 58.72 | M13: 311.97 | N13: 0.00603 | O13: 82.985 | P13: 3.105e-05 | R13: 46064 | S13: 857383.24 | T13: =S13*P13*O13 -> 2209.2059 | U13: 804569.01 | V13: =U13*P13*O13 -> 2073.1203 | W13: =T13+V13 -> 4282.3262 | Y13: =S13-U13 -> 52814.229 | Z13: =Y13*P13*O13 -> 136.08559 | AA13: 12.93761 | AB13: =AA13*B13 -> 2153.8534 | AC13: 14.056198 | AD13: =AC13*B13 -> 2340.0758 | AE13: =(AA13-AC13)*B13 -> -186.22246 | AG13: 46064 | AH13: 835881.43 | AI13: =AH13*P13*O13 -> 2153.8025 | AJ13: 800774.08 | AK13: =AJ13*P13*O13 -> 2063.342 | AL13: =AI13+AK13 -> 4217.1445 | AN13: =AH13-AJ13 -> 35107.345 | AO13: =AN13*P13*O13 -> 90.460543 | AP13: 12.882532 | AQ13: =AP13*B13 -> 2144.684 | AR13: 13.713645 | AS13: =AR13*B13 -> 2283.0476 | AT13: =(AP13-AR13)*B13 -> -138.36362 | AV13: 46064 | AW13: 758737.16 | AX13: =AW13*P13*O13 -> 1955.0261 | AY13: 772683.92 | AZ13: =AY13*P13*O13 -> 1990.9625 | BA13: =AX13+AZ13 -> 3945.9886 | BC13: =AW13-AY13 -> -13946.76 | BD13: =BC13*P13*O13 -> -35.936398 | BE13: 24.938967 | BF13: =BE13*C13 -> 1950.9754 | BG13: 24.94578 | BH13: =BG13*C13 -> 1951.5083 | BI13: =(BE13-BG13)*C13 -> -0.53296769 | BK13: 46064 | BL13: 779387.47 | BM13: =BL13*P13*O13 -> 2008.2354 | BN13: 796284.24 | BO13: =BN13*P13*O13 -> 2051.7731 | BP13: =BM13+BO13 -> 4060.0085 | BR13: =BL13-BN13 -> -16896.77 | BS13: =BR13*P13*O13 -> -43.53764 | BT13: 25.687472 | BU13: =BT13*C13 -> 2009.531 | BV13: 25.624668 | BW13: =BV13*C13 -> 2004.6177 | BX13: =(BT13-BV13)*C13 -> 4.9132273 | BZ13: 46064 | CA13: 768595.83 | CB13: =CA13*P13*O13 -> 1980.4288 | CC13: 754675.64 | CD13: =CC13*P13*O13 -> 1944.5608 | CE13: =CB13+CD13 -> 3924.9896 | CG13: =CA13-CC13 -> 13920.188 | CH13: =CG13*P13*O13 -> 35.867929 | CI13: 10.106042 | CJ13: =CI13*D13 -> 1911.5578 | CK13: 10.495483 | CL13: =CK13*D13 -> 1985.2206 | CM13: =(CI13-CK13)*D13 -> -73.662824 | CO13: 46064 | CP13: 772755.37 | CQ13: =CP13*P13*O13 -> 1991.1466 | CR13: 792469.7 | CS13: =CR13*P13*O13 -> 2041.9442 | CT13: =CQ13+CS13 -> 4033.0908 | CV13: =CP13-CR13 -> -19714.329 | CW13: =CV13*P13*O13 -> -50.7976 | CX13: 10.612103 | CY13: =CX13*D13 -> 2007.2794 | CZ13: 10.556849 | DA13: =CZ13*D13 -> 1996.8279 | DB13: =(CX13-CZ13)*D13 -> 10.451451 | DD13: 46064 | DE13: 852822.67 | DF13: =DE13*P13*O13 -> 2197.4547 | DG13: 797616.67 | DH13: =DG13*P13*O13 -> 2055.2063 | DI13: =DF13+DH13 -> 4252.6611 | DK13: =DE13-DG13 -> 55206.005 | DL13: =DK13*P13*O13 -> 142.24844 | DM13: 4.3672179 | DN13: =DM13*E13 -> 2028.4417 | DO13: 4.763614 | DP13: =DO13*E13 -> 2212.5558 | DQ13: =(DM13-DO13)*E13 -> -184.11409 | DS13: 46064 | DT13: 832321.84 | DU13: =DT13*P13*O13 -> 2144.6306 | DV13: 806762.3 | DW13: =DV13*P13*O13 -> 2078.7717 | DX13: =DU13+DW13 -> 4223.4023 | DZ13: =DT13-DV13 -> 25559.539 | EA13: =DZ13*P13*O13 -> 65.858861 | EB13: 4.4162978 | EC13: =EB13*E13 -> 2051.2379 | ED13: 4.6468425 | EE13: =ED13*E13 -> 2158.3189 | EF13: =(EB13-ED13)*E13 -> -107.08106 | EH13: 46064 | EI13: 2313959 | EJ13: =EI13*P13*O13 -> 5962.3417 | EK13: 2334121 | EL13: =EK13*P13*O13 -> 6014.2928 | EM13: =EJ13+EL13 -> 11976.635 | EO13: =EI13-EK13 -> -20162 | EP13: =EO13*P13*O13 -> -51.951108 | EQ13: 13.9963 | ER13: =EQ13*F13 -> 5980.1991 | ES13: 13.93678 | ET13: =ES13*F13 -> 5954.768 | EU13: =(EQ13-ES13)*F13 -> 25.43111 | EW13: 46064 | EX13: 2272911 | EY13: =EX13*P13*O13 -> 5856.574 | EZ13: 2285667 | FA13: =EZ13*P13*O13 -> 5889.4422 | FB13: =EY13+FA13 -> 11746.016 | FD13: =EX13-EZ13 -> -12756 | FE13: =FD13*P13*O13 -> -32.868184 | FF13: 13.68479 | FG13: =FF13*F13 -> 5847.1002 | FH13: 13.7008 | FI13: =FH13*F13 -> 5853.9408 | FJ13: =(FF13-FH13)*F13 -> -6.8405927 | FL13: 46064 | FM13: 600006.7 | FN13: =FM13*P13*O13 -> 1546.0278 | FO13: 612644.6 | FP13: =FO13*P13*O13 -> 1578.5917 | FQ13: =FN13+FP13 -> 3124.6195 | FS13: =FM13-FO13 -> -12637.9 | FT13: =FS13*P13*O13 -> -32.563878 | FU13: 814371.5 | FV13: =FU13*G13 -> 1498.4436 | FW13: 830889 | FX13: =FW13*G13 -> 1528.8358 | FY13: =(FU13-FW13)*G13 -> -30.3922 | GA13: 46064 | GB13: 595684 | GC13: =GB13*P13*O13 -> 1534.8896 | GD13: 616470.5 | GE13: =GD13*P13*O13 -> 1588.4498 | GF13: =GC13+GE13 -> 3123.3394 | GH13: =GB13-GD13 -> -20786.5 | GI13: =GH13*P13*O13 -> -53.560247 | GJ13: 819560.3 | GK13: =GJ13*G13 -> 1507.991 | GL13: 824995.7 | GM13: =GL13*G13 -> 1517.9921 | GN13: =(GJ13-GL13)*G13 -> -10.001136 | GP13: 46064 | GQ13: 599349.5 | GR13: =GQ13*P13*O13 -> 1544.3344 | GS13: 591067.7 | GT13: =GS13*P13*O13 -> 1522.9948 | GU13: =GR13+GT13 -> 3067.3293 | GW13: =GQ13-GS13 -> 8281.8 | GX13: =GW13*P13*O13 -> 21.339584 | GY13: 463.0379 | GZ13: =GY13*H13 -> 1490.056 | HA13: 488.5789 | HB13: =HA13*H13 -> 1572.2469 | HC13: =(GY13-HA13)*H13 -> -82.190938 | HE13: 46064 | HF13: 608792.4 | HG13: =HF13*P13*O13 -> 1568.6658 | HH13: 623041.2 | HI13: =HH13*P13*O13 -> 1605.3804 | HJ13: =HG13+HI13 -> 3174.0462 | HL13: =HF13-HH13 -> -14248.8 | HM13: =HL13*P13*O13 -> -36.714659 | HN13: 487.9192 | HO13: =HN13*H13 -> 1570.124 | HP13: 496.3724 | HQ13: =HP13*H13 -> 1597.3264 | HR13: =(HN13-HP13)*H13 -> -27.202398 | HT13: 46064 | HU13: 581130.7 | HV13: =HU13*P13*O13 -> 1497.3903 | HW13: 589906.2 | HX13: =HW13*P13*O13 -> 1520.002 | HY13: =HV13+HX13 -> 3017.3923 | IA13: =HU13-HW13 -> -8775.5 | IB13: =IA13*P13*O13 -> -22.611693 | IC13: 2.441775 | ID13: =IC13*I13 -> 1495.8069 | IE13: 2.508787 | IF13: =IE13*I13 -> 1536.8578 | IG13: =(IC13-IE13)*I13 -> -41.050881 | II13: 46064 | IJ13: 570604.3 | IK13: =IJ13*P13*O13 -> 1470.2671 | IL13: 599172.3 | IM13: =IL13*P13*O13 -> 1543.8778 | IN13: =IK13+IM13 -> 3014.1449 | IP13: =IJ13-IL13 -> -28568 | IQ13: =IP13*P13*O13 -> -73.610716 | IR13: 2.480209 | IS13: =IR13*I13 -> 1519.3512 | IT13: 2.462666 | IU13: =IT13*I13 -> 1508.6046 | IV13: =(IR13-IT13)*I13 -> 10.746666 | IX13: 46064 | IY13: 798649.9 | IZ13: =IY13*P13*O13 -> 2057.8686 | JA13: 795034.8 | JB13: =JA13*P13*O13 -> 2048.5536 | JC13: =IZ13+JB13 -> 4106.4223 | JE13: =IY13-JA13 -> 3615.1 | JF13: =JE13*P13*O13 -> 9.3149712 | JG13: 15.46304 | JH13: =JG13*J13 -> 1946.6421 | JI13: 15.82782 | JJ13: =JI13*J13 -> 1992.5643 | JK13: =(JG13-JI13)*J13 -> -45.922154 | JM13: 46064 | JN13: 800601.9 | JO13: =JN13*P13*O13 -> 2062.8983 | JP13: 795754.9 | JQ13: =JP13*P13*O13 -> 2050.4091 | JR13: =JO13+JQ13 -> 4113.3074 | JT13: =JN13-JP13 -> 4847 | JU13: =JT13*P13*O13 -> 12.489189 | JV13: 15.47566 | JW13: =JV13*J13 -> 1948.2308 | JX13: 15.87578 | JY13: =JX13*J13 -> 1998.6019 | JZ13: =(JV13-JX13)*J13 -> -50.371107 | KB13: 46064 | KC13: 772059.5 | KD13: =KC13*P13*O13 -> 1989.3536 | KE13: 789235.82 | KF13: =KE13*P13*O13 -> 2033.6115 | KG13: =KD13+KF13 -> 4022.9651 | KI13: =KC13-KE13 -> -17176.32 | KJ13: =KI13*P13*O13 -> -44.257953 | KK13: 2.8900578 | KL13: =KK13*K13 -> 2011.1045 | KM13: 2.887889 | KN13: =KM13*K13 -> 2009.5953 | KO13: =(KK13-KM13)*K13 -> 1.509166 | KQ13: 46064 | KR13: 799688.3 | KS13: =KR13*P13*O13 -> 2060.5442 | KT13: 816203.28 | KU13: =KT13*P13*O13 -> 2103.0981 | KV13: =KS13+KU13 -> 4163.6424 | KX13: =KR13-KT13 -> -16514.984 | KY13: =KX13*P13*O13 -> -42.553899 | KZ13: 2.9884618 | LA13: =KZ13*K13 -> 2079.5809 | LB13: 2.9915134 | LC13: =LB13*K13 -> 2081.7045 | LD13: =(KZ13-LB13)*K13 -> -2.1235705 | LF13: 46064 | LG13: 803539.34 | LH13: =LG13*P13*O13 -> 2070.4672 | LI13: 851461.13 | LJ13: =LI13*P13*O13 -> 2193.9465 | LK13: =LH13+LJ13 -> 4264.4137 | LM13: =LG13-LI13 -> -47921.783 | LN13: =LM13*P13*O13 -> -123.4793 | LO13: 36.855284 | LP13: =LO13*L13 -> 2164.1423 | LQ13: 35.489135 | LR13: =LQ13*L13 -> 2083.922 | LS13: =(LO13-LQ13)*L13 -> 80.220282 | LU13: 46064 | LV13: 778179.53 | LW13: =LV13*P13*O13 -> 2005.1229 | LX13: 839769.67 | LY13: =LX13*P13*O13 -> 2163.8213 | LZ13: =LW13+LY13 -> 4168.9442 | MB13: =LV13-LX13 -> -61590.147 | MC13: =MB13*P13*O13 -> -158.69836 | MD13: 36.341868 | ME13: =MD13*L13 -> 2133.9945 | MF13: 34.378068 | MG13: =MF13*L13 -> 2018.6802 | MH13: =(MD13-MF13)*L13 -> 115.31428 | MJ13: 46064 | MK13: 785682.6 | ML13: =MK13*P13*O13 -> 2024.456 | MM13: 800496.9 | MN13: =MM13*P13*O13 -> 2062.6278 | MO13: =ML13+MN13 -> 4087.0837 | MQ13: =MK13-MM13 -> -14814.3 | MR13: =MQ13*P13*O13 -> -38.171773 | MS13: 6.392904 | MT13: =MS13*M13 -> 1994.3943 | MU13: 6.399325 | MV13: =MU13*M13 -> 1996.3974 | MW13: =(MS13-MU13)*M13 -> -2.0031594 | MY13: 46064 | MZ13: 778990.6 | NA13: =MZ13*P13*O13 -> 2007.2128 | NB13: 789207.9 | NC13: =NB13*P13*O13 -> 2033.5396 | ND13: =NA13+NC13 -> 4040.7524 | NF13: =MZ13-NB13 -> -10217.3 | NG13: =NF13*P13*O13 -> -26.326756 | NH13: 6.303355 | NI13: =NH13*M13 -> 1966.4577 | NJ13: 6.347975 | NK13: =NJ13*M13 -> 1980.3778 | NL13: =(NH13-NJ13)*M13 -> -13.920101 | NN13: 46064 | NO13: 810253.1 | NP13: =NO13*P13*O13 -> 2087.7664 | NQ13: 826689.9 | NR13: =NQ13*P13*O13 -> 2130.1188 | NS13: =NP13+NR13 -> 4217.8852 | NU13: =NO13-NQ13 -> -16436.8 | NV13: =NU13*P13*O13 -> -42.352444 | NW13: 344220 | NX13: =NW13*N13 -> 2075.6466 | NY13: 351042.2 | NZ13: =NY13*N13 -> 2116.7845 | OA13: =(NW13-NY13)*N13 -> -41.137866 | OC13: 46064 | OD13: 774990.6 | OE13: =OD13*P13*O13 -> 1996.9061 | OF13: 790900.73 | OG13: =OF13*P13*O13 -> 2037.9014 | OH13: =OE13+OG13 -> 4034.8075 | OJ13: =OD13-OF13 -> -15910.126 | OK13: =OJ13*P13*O13 -> -40.995371 | OL13: 329252.2 | OM13: =OL13*N13 -> 1985.3908 | ON13: 335788.9 | OO13: =ON13*N13 -> 2024.8071 | OP13: =(OL13-ON13)*N13 -> -39.416301
A14: 46065 | B14: 142.95 | C14: 78.3 | D14: 190.72 | E14: 467.7 | F14: 415.68 | G14: 0.00192 | H14: 3.289 | I14: 603.25 | J14: 124.19 | K14: 695.75 | L14: 57.77 | M14: 309.06 | N14: 0.00631 | O14: 80.494 | P14: 3.187e-05 | R14: 46065 | S14: 734934.06 | T14: =S14*P14*O14 -> 1885.3585 | U14: 750893.27 | V14: =U14*P14*O14 -> 1926.2994 | W14: =T14+V14 -> 3811.6579 | Y14: =S14-U14 -> -15959.21 | Z14: =Y14*P14*O14 -> -40.94086 | AA14: 12.544524 | AB14: =AA14*B14 -> 1793.2397 | AC14: 12.564237 | AD14: =AC14*B14 -> 1796.0576 | AE14: =(AA14-AC14)*B14 -> -2.8179405 | AG14: 46065 | AH14: 719701.32 | AI14: =AH14*P14*O14 -> 1846.2813 | AJ14: 718060.57 | AK14: =AJ14*P14*O14 -> 1842.0722 | AL14: =AI14+AK14 -> 3688.3535 | AN14: =AH14-AJ14 -> 1640.7587 | AO14: =AN14*P14*O14 -> 4.2091102 | AP14: 12.005286 | AQ14: =AP14*B14 -> 1716.1556 | AR14: 12.309365 | AS14: =AR14*B14 -> 1759.6238 | AT14: =(AP14-AR14)*B14 -> -43.468189 | AV14: 46065 | AW14: 829851.13 | AX14: =AW14*P14*O14 -> 2128.8534 | AY14: 772764.46 | AZ14: =AY14*P14*O14 -> 1982.4065 | BA14: =AX14+AZ14 -> 4111.2599 | BC14: =AW14-AY14 -> 57086.673 | BD14: =BC14*P14*O14 -> 146.44694 | BE14: 25.679174 | BF14: =BE14*C14 -> 2010.6794 | BG14: 28.130945 | BH14: =BG14*C14 -> 2202.653 | BI14: =(BE14-BG14)*C14 -> -191.97361 | BK14: 46065 | BL14: 798706.84 | BM14: =BL14*P14*O14 -> 2048.9576 | BN14: 733430.75 | BO14: =BN14*P14*O14 -> 1881.502 | BP14: =BM14+BO14 -> 3930.4596 | BR14: =BL14-BN14 -> 65276.092 | BS14: =BR14*P14*O14 -> 167.45562 | BT14: 24.34789 | BU14: =BT14*C14 -> 1906.4398 | BV14: 27.103303 | BW14: =BV14*C14 -> 2122.1887 | BX14: =(BT14-BV14)*C14 -> -215.7489 | BZ14: 46065 | CA14: 720468.17 | CB14: =CA14*P14*O14 -> 1848.2485 | CC14: 803864.77 | CD14: =CC14*P14*O14 -> 2062.1895 | CE14: =CB14+CD14 -> 3910.438 | CG14: =CA14-CC14 -> -83396.601 | CH14: =CG14*P14*O14 -> -213.94095 | CI14: 10.666155 | CJ14: =CI14*D14 -> 2034.2491 | CK14: 9.7526374 | CL14: =CK14*D14 -> 1860.023 | CM14: =(CI14-CK14)*D14 -> 174.22612 | CO14: 46065 | CP14: 732238.16 | CQ14: =CP14*P14*O14 -> 1878.4426 | CR14: 781861.34 | CS14: =CR14*P14*O14 -> 2005.7431 | CT14: =CQ14+CS14 -> 3884.1857 | CV14: =CP14-CR14 -> -49623.187 | CW14: =CV14*P14*O14 -> -127.30053 | CX14: 10.370905 | CY14: =CX14*D14 -> 1977.939 | CZ14: 9.9113917 | DA14: =CZ14*D14 -> 1890.3006 | DB14: =(CX14-CZ14)*D14 -> 87.638411 | DD14: 46065 | DE14: 738624.91 | DF14: =DE14*P14*O14 -> 1894.8268 | DG14: 742989.15 | DH14: =DG14*P14*O14 -> 1906.0226 | DI14: =DF14+DH14 -> 3800.8494 | DK14: =DE14-DG14 -> -4364.242 | DL14: =DK14*P14*O14 -> -11.195781 | DM14: 4.033382 | DN14: =DM14*E14 -> 1886.4128 | DO14: 4.0949306 | DP14: =DO14*E14 -> 1915.199 | DQ14: =(DM14-DO14)*E14 -> -28.786257 | DS14: 46065 | DT14: 780327.87 | DU14: =DT14*P14*O14 -> 2001.8093 | DV14: 768368.51 | DW14: =DV14*P14*O14 -> 1971.1294 | DX14: =DU14+DW14 -> 3972.9386 | DZ14: =DT14-DV14 -> 11959.367 | EA14: =DZ14*P14*O14 -> 30.679888 | EB14: 4.1703865 | EC14: =EB14*E14 -> 1950.4898 | ED14: 4.3263371 | EE14: =ED14*E14 -> 2023.4279 | EF14: =(EB14-ED14)*E14 -> -72.938072 | EH14: 46065 | EI14: 2293001 | EJ14: =EI14*P14*O14 -> 5882.3359 | EK14: 2346704 | EL14: =EK14*P14*O14 -> 6020.1025 | EM14: =EJ14+EL14 -> 11902.438 | EO14: =EI14-EK14 -> -53703 | EP14: =EO14*P14*O14 -> -137.76666 | EQ14: 14.04686 | ER14: =EQ14*F14 -> 5838.9988 | ES14: 13.79182 | ET14: =ES14*F14 -> 5732.9837 | EU14: =(EQ14-ES14)*F14 -> 106.01503 | EW14: 46065 | EX14: 2272532 | EY14: =EX14*P14*O14 -> 5829.8258 | EZ14: 2335670 | FA14: =EZ14*P14*O14 -> 5991.7965 | FB14: =EY14+FA14 -> 11821.622 | FD14: =EX14-EZ14 -> -63138 | FE14: =FD14*P14*O14 -> -161.97068 | FF14: 13.9636 | FG14: =FF14*F14 -> 5804.3892 | FH14: 13.68302 | FI14: =FH14*F14 -> 5687.7578 | FJ14: =(FF14-FH14)*F14 -> 116.63149 | FL14: 46065 | FM14: 573376.6 | FN14: =FM14*P14*O14 -> 1470.9081 | FO14: 634453.8 | FP14: =FO14*P14*O14 -> 1627.5921 | FQ14: =FN14+FP14 -> 3098.5002 | FS14: =FM14-FO14 -> -61077.2 | FT14: =FS14*P14*O14 -> -156.68402 | FU14: 831249.8 | FV14: =FU14*G14 -> 1595.9996 | FW14: 782533.6 | FX14: =FW14*G14 -> 1502.4645 | FY14: =(FU14-FW14)*G14 -> 93.535104 | GA14: 46065 | GB14: 572210.2 | GC14: =GB14*P14*O14 -> 1467.9159 | GD14: 642642.2 | GE14: =GD14*P14*O14 -> 1648.5982 | GF14: =GC14+GE14 -> 3116.514 | GH14: =GB14-GD14 -> -70432 | GI14: =GH14*P14*O14 -> -180.68229 | GJ14: 841785.8 | GK14: =GJ14*G14 -> 1616.2287 | GL14: 780967.5 | GM14: =GL14*G14 -> 1499.4576 | GN14: =(GJ14-GL14)*G14 -> 116.77114 | GP14: 46065 | GQ14: 97499.04 | GR14: =GQ14*P14*O14 -> 250.11856 | GS14: 172898.7 | GT14: =GS14*P14*O14 -> 443.5446 | GU14: =GR14+GT14 -> 693.66316 | GW14: =GQ14-GS14 -> -75399.66 | GX14: =GW14*P14*O14 -> -193.42605 | GY14: 133.6705 | GZ14: =GY14*H14 -> 439.64227 | HA14: 78.55089 | HB14: =HA14*H14 -> 258.35388 | HC14: =(GY14-HA14)*H14 -> 181.2884 | HE14: 46065 | HF14: 527803.3 | HG14: =HF14*P14*O14 -> 1353.9969 | HH14: 608119.6 | HI14: =HH14*P14*O14 -> 1560.0358 | HJ14: =HG14+HI14 -> 2914.0327 | HL14: =HF14-HH14 -> -80316.3 | HM14: =HL14*P14*O14 -> -206.03892 | HN14: 470.5518 | HO14: =HN14*H14 -> 1547.6449 | HP14: 425.5475 | HQ14: =HP14*H14 -> 1399.6257 | HR14: =(HN14-HP14)*H14 -> 148.01914 | HT14: 46065 | HU14: 613557.4 | HV14: =HU14*P14*O14 -> 1573.9857 | HW14: 555071.9 | HX14: =HW14*P14*O14 -> 1423.9502 | HY14: =HV14+HX14 -> 2997.9359 | IA14: =HU14-HW14 -> 58485.5 | IB14: =IA14*P14*O14 -> 150.03541 | IC14: 2.2720743 | ID14: =IC14*I14 -> 1370.6288 | IE14: 2.614774 | IF14: =IE14*I14 -> 1577.3624 | IG14: =(IC14-IE14)*I14 -> -206.7336 | II14: 46065 | IJ14: 619188.2 | IK14: =IJ14*P14*O14 -> 1588.4306 | IL14: 560205.7 | IM14: =IL14*P14*O14 -> 1437.1202 | IN14: =IK14+IM14 -> 3025.5508 | IP14: =IJ14-IL14 -> 58982.5 | IQ14: =IP14*P14*O14 -> 151.31039 | IR14: 2.293222 | IS14: =IR14*I14 -> 1383.3862 | IT14: 2.639574 | IU14: =IT14*I14 -> 1592.323 | IV14: =(IR14-IT14)*I14 -> -208.93684 | IX14: 46065 | IY14: 795256.9 | IZ14: =IY14*P14*O14 -> 2040.1073 | JA14: 747214.4 | JB14: =JA14*P14*O14 -> 1916.8618 | JC14: =IZ14+JB14 -> 3956.9692 | JE14: =IY14-JA14 -> 48042.5 | JF14: =JE14*P14*O14 -> 123.24553 | JG14: 14.9396 | JH14: =JG14*J14 -> 1855.3489 | JI14: 16.2271 | JJ14: =JI14*J14 -> 2015.2435 | JK14: =(JG14-JI14)*J14 -> -159.89462 | JM14: 46065 | JN14: 785621.7 | JO14: =JN14*P14*O14 -> 2015.3897 | JP14: 751579.3 | JQ14: =JP14*P14*O14 -> 1928.0593 | JR14: =JO14+JQ14 -> 3943.449 | JT14: =JN14-JP14 -> 34042.4 | JU14: =JT14*P14*O14 -> 87.330459 | JV14: 15.02353 | JW14: =JV14*J14 -> 1865.7722 | JX14: 16.0344 | JY14: =JX14*J14 -> 1991.3121 | JZ14: =(JV14-JX14)*J14 -> -125.53995 | KB14: 46065 | KC14: 782537.28 | KD14: =KC14*P14*O14 -> 2007.4772 | KE14: 732952.62 | KF14: =KE14*P14*O14 -> 1880.2754 | KG14: =KD14+KF14 -> 3887.7526 | KI14: =KC14-KE14 -> 49584.663 | KJ14: =KI14*P14*O14 -> 127.20171 | KK14: 2.6686062 | KL14: =KK14*K14 -> 1856.6827 | KM14: 2.9081382 | KN14: =KM14*K14 -> 2023.3371 | KO14: =(KK14-KM14)*K14 -> -166.65442 | KQ14: 46065 | KR14: 790924.74 | KS14: =KR14*P14*O14 -> 2028.9939 | KT14: 753762.26 | KU14: =KT14*P14*O14 -> 1933.6593 | KV14: =KS14+KU14 -> 3962.6532 | KX14: =KR14-KT14 -> 37162.481 | KY14: =KX14*P14*O14 -> 95.334539 | KZ14: 2.745381 | LA14: =KZ14*K14 -> 1910.0988 | LB14: 2.9400931 | LC14: =LB14*K14 -> 2045.5697 | LD14: =(KZ14-LB14)*K14 -> -135.47095 | LF14: 46065 | LG14: 719653.1 | LH14: =LG14*P14*O14 -> 1846.1576 | LI14: 755975.78 | LJ14: =LI14*P14*O14 -> 1939.3378 | LK14: =LH14+LJ14 -> 3785.4954 | LM14: =LG14-LI14 -> -36322.67 | LN14: =LM14*P14*O14 -> -93.180136 | LO14: 33.070357 | LP14: =LO14*L14 -> 1910.4745 | LQ14: 32.101501 | LR14: =LQ14*L14 -> 1854.5037 | LS14: =(LO14-LQ14)*L14 -> 55.970798 | LU14: 46065 | LV14: 732948.21 | LW14: =LV14*P14*O14 -> 1880.2641 | LX14: 737193.8 | LY14: =LX14*P14*O14 -> 1891.1555 | LZ14: =LW14+LY14 -> 3771.4196 | MB14: =LV14-LX14 -> -4245.589 | MC14: =MB14*P14*O14 -> -10.891395 | MD14: 32.24171 | ME14: =MD14*L14 -> 1862.6036 | MF14: 32.696181 | MG14: =MF14*L14 -> 1888.8584 | MH14: =(MD14-MF14)*L14 -> -26.25479 | MJ14: 46065 | MK14: 795061.2 | ML14: =MK14*P14*O14 -> 2039.6053 | MM14: 745016.3 | MN14: =MM14*P14*O14 -> 1911.2229 | MO14: =ML14+MN14 -> 3950.8282 | MQ14: =MK14-MM14 -> 50044.9 | MR14: =MQ14*P14*O14 -> 128.38237 | MS14: 5.983888 | MT14: =MS14*M14 -> 1849.3804 | MU14: 6.512918 | MV14: =MU14*M14 -> 2012.8824 | MW14: =(MS14-MU14)*M14 -> -163.50201 | MY14: 46065 | MZ14: 793966 | NA14: =MZ14*P14*O14 -> 2036.7957 | NB14: 744227.4 | NC14: =NB14*P14*O14 -> 1909.1991 | ND14: =NA14+NC14 -> 3945.9949 | NF14: =MZ14-NB14 -> 49738.6 | NG14: =NF14*P14*O14 -> 127.59661 | NH14: 5.978172 | NI14: =NH14*M14 -> 1847.6138 | NJ14: 6.504213 | NK14: =NJ14*M14 -> 2010.1921 | NL14: =(NH14-NJ14)*M14 -> -162.57823 | NN14: 46065 | NO14: 762631.3 | NP14: =NO14*P14*O14 -> 1956.4115 | NQ14: 837893.3 | NR14: =NQ14*P14*O14 -> 2149.4844 | NS14: =NP14+NR14 -> 4105.8958 | NU14: =NO14-NQ14 -> -75262 | NV14: =NU14*P14*O14 -> -193.0729 | NW14: 339128.7 | NX14: =NW14*N14 -> 2139.9021 | NY14: 321624.8 | NZ14: =NY14*N14 -> 2029.4525 | OA14: =(NW14-NY14)*N14 -> 110.44961 | OC14: 46065 | OD14: 739481.7 | OE14: =OD14*P14*O14 -> 1897.0248 | OF14: 786557.2 | OG14: =OF14*P14*O14 -> 2017.7896 | OH14: =OE14+OG14 -> 3914.8144 | OJ14: =OD14-OF14 -> -47075.5 | OK14: =OJ14*P14*O14 -> -120.76484 | OL14: 318398.9 | OM14: =OL14*N14 -> 2009.0971 | ON14: 312033.5 | OO14: =ON14*N14 -> 1968.9314 | OP14: =(OL14-ON14)*N14 -> 40.165674
A15: 46066 | B15: 142.87 | C15: 70.61 | D15: 186.89 | E15: 452.07 | F15: 417.79 | G15: 0.00209 | H15: 3.422 | I15: 601.52 | J15: 134.31 | K15: 683.87 | L15: 56.43 | M15: 306.34 | N15: 0.00665 | O15: 78.528 | P15: 3.213e-05 | R15: 46066 | S15: 747107.34 | T15: =S15*P15*O15 -> 1885.03 | U15: 781746.56 | V15: =U15*P15*O15 -> 1972.4284 | W15: =T15+V15 -> 3857.4584 | Y15: =S15-U15 -> -34639.218 | Z15: =Y15*P15*O15 -> -87.398372 | AA15: 12.944541 | AB15: =AA15*B15 -> 1849.3866 | AC15: 12.647249 | AD15: =AC15*B15 -> 1806.9125 | AE15: =(AA15-AC15)*B15 -> 42.474121 | AG15: 46066 | AH15: 764808.77 | AI15: =AH15*P15*O15 -> 1929.6926 | AJ15: 784895.96 | AK15: =AJ15*P15*O15 -> 1980.3746 | AL15: =AI15+AK15 -> 3910.0672 | AN15: =AH15-AJ15 -> -20087.182 | AO15: =AN15*P15*O15 -> -50.682062 | AP15: 12.982031 | AQ15: =AP15*B15 -> 1854.7428 | AR15: 12.932882 | AS15: =AR15*B15 -> 1847.7209 | AT15: =(AP15-AR15)*B15 -> 7.0219148 | AV15: 46066 | AW15: 821785.89 | AX15: =AW15*P15*O15 -> 2073.4518 | AY15: 831006.29 | AZ15: =AY15*P15*O15 -> 2096.7158 | BA15: =AX15+AZ15 -> 4170.1676 | BC15: =AW15-AY15 -> -9220.404 | BD15: =BC15*P15*O15 -> -23.264044 | BE15: 28.554249 | BF15: =BE15*C15 -> 2016.2155 | BG15: 28.841984 | BH15: =BG15*C15 -> 2036.5325 | BI15: =(BE15-BG15)*C15 -> -20.31698 | BK15: 46066 | BL15: 803044.01 | BM15: =BL15*P15*O15 -> 2026.1641 | BN15: 857547.52 | BO15: =BN15*P15*O15 -> 2163.6821 | BP15: =BM15+BO15 -> 4189.8462 | BR15: =BL15-BN15 -> -54503.503 | BS15: =BR15*P15*O15 -> -137.51804 | BT15: 29.485075 | BU15: =BT15*C15 -> 2081.9411 | BV15: 28.193903 | BW15: =BV15*C15 -> 1990.7715 | BX15: =(BT15-BV15)*C15 -> 91.169659 | BZ15: 46066 | CA15: 839812.51 | CB15: =CA15*P15*O15 -> 2118.9348 | CC15: 757766.26 | CD15: =CC15*P15*O15 -> 1911.9236 | CE15: =CB15+CD15 -> 4030.8584 | CG15: =CA15-CC15 -> 82046.249 | CH15: =CG15*P15*O15 -> 207.01127 | CI15: 10.208943 | CJ15: =CI15*D15 -> 1907.9494 | CK15: 11.582819 | CL15: =CK15*D15 -> 2164.713 | CM15: =(CI15-CK15)*D15 -> -256.76368 | CO15: 46066 | CP15: 831964.43 | CQ15: =CP15*P15*O15 -> 2099.1333 | CR15: 748728.8 | CS15: =CR15*P15*O15 -> 1889.1211 | CT15: =CQ15+CS15 -> 3988.2544 | CV15: =CP15-CR15 -> 83235.625 | CW15: =CV15*P15*O15 -> 210.01219 | CX15: 10.080026 | CY15: =CX15*D15 -> 1883.8561 | CZ15: 11.480281 | DA15: =CZ15*D15 -> 2145.5497 | DB15: =(CX15-CZ15)*D15 -> -261.69364 | DD15: 46066 | DE15: 760208.21 | DF15: =DE15*P15*O15 -> 1918.0849 | DG15: 796131.08 | DH15: =DG15*P15*O15 -> 2008.722 | DI15: =DF15+DH15 -> 3926.8069 | DK15: =DE15-DG15 -> -35922.87 | DL15: =DK15*P15*O15 -> -90.63716 | DM15: 4.3849463 | DN15: =DM15*E15 -> 1982.3027 | DO15: 4.2688663 | DP15: =DO15*E15 -> 1929.8264 | DQ15: =(DM15-DO15)*E15 -> 52.476268 | DS15: 46066 | DT15: 759584.14 | DU15: =DT15*P15*O15 -> 1916.5103 | DV15: 794565.03 | DW15: =DV15*P15*O15 -> 2004.7707 | DX15: =DU15+DW15 -> 3921.281 | DZ15: =DT15-DV15 -> -34980.895 | EA15: =DZ15*P15*O15 -> -88.260459 | EB15: 4.3748872 | EC15: =EB15*E15 -> 1977.7553 | ED15: 4.2655113 | EE15: =ED15*E15 -> 1928.3097 | EF15: =(EB15-ED15)*E15 -> 49.445559 | EH15: 46066 | EI15: 2336676.3 | EJ15: =EI15*P15*O15 -> 5895.6788 | EK15: 2273237.4 | EL15: =EK15*P15*O15 -> 5735.6159 | EM15: =EJ15+EL15 -> 11631.295 | EO15: =EI15-EK15 -> 63438.841 | EP15: =EO15*P15*O15 -> 160.06283 | EQ15: 13.911321 | ER15: =EQ15*F15 -> 5812.0108 | ES15: 14.377897 | ET15: =ES15*F15 -> 6006.9416 | EU15: =(EQ15-ES15)*F15 -> -194.93077 | EW15: 46066 | EX15: 2336848.5 | EY15: =EX15*P15*O15 -> 5896.1132 | EZ15: 2267075.9 | FA15: =EZ15*P15*O15 -> 5720.0698 | FB15: =EY15+FA15 -> 11616.183 | FD15: =EX15-EZ15 -> 69772.559 | FE15: =FD15*P15*O15 -> 176.04347 | FF15: 13.85795 | FG15: =FF15*F15 -> 5789.7131 | FH15: 14.398375 | FI15: =FH15*F15 -> 6015.4971 | FJ15: =(FF15-FH15)*F15 -> -225.78399 | FL15: 46066 | FM15: 654838.65 | FN15: =FM15*P15*O15 -> 1652.2264 | FO15: 588756.69 | FP15: =FO15*P15*O15 -> 1485.4947 | FQ15: =FN15+FP15 -> 3137.7212 | FS15: =FM15-FO15 -> 66081.962 | FT15: =FS15*P15*O15 -> 166.73171 | FU15: 743076.32 | FV15: =FU15*G15 -> 1553.0295 | FW15: 860077.65 | FX15: =FW15*G15 -> 1797.5623 | FY15: =(FU15-FW15)*G15 -> -244.53277 | GA15: 46066 | GB15: 681983.92 | GC15: =GB15*P15*O15 -> 1720.7168 | GD15: 593457.64 | GE15: =GD15*P15*O15 -> 1497.3557 | GF15: =GC15+GE15 -> 3218.0725 | GH15: =GB15-GD15 -> 88526.279 | GI15: =GH15*P15*O15 -> 223.36106 | GJ15: 748802.67 | GK15: =GJ15*G15 -> 1564.9976 | GL15: 895549.75 | GM15: =GL15*G15 -> 1871.699 | GN15: =(GJ15-GL15)*G15 -> -306.70139 | GP15: 46066 | GQ15: 285421.97 | GR15: =GQ15*P15*O15 -> 720.1495 | GS15: 146348.01 | GT15: =GS15*P15*O15 -> 369.25134 | GU15: =GR15+GT15 -> 1089.4008 | GW15: =GQ15-GS15 -> 139073.96 | GX15: =GW15*P15*O15 -> 350.89816 | GY15: 111.98919 | GZ15: =GY15*H15 -> 383.22701 | HA15: 226.95684 | HB15: =HA15*H15 -> 776.64632 | HC15: =(GY15-HA15)*H15 -> -393.41931 | HE15: 46066 | HF15: 676784.13 | HG15: =HF15*P15*O15 -> 1707.5972 | HH15: 582473.29 | HI15: =HH15*P15*O15 -> 1469.6411 | HJ15: =HG15+HI15 -> 3177.2382 | HL15: =HF15-HH15 -> 94310.835 | HM15: =HL15*P15*O15 -> 237.95611 | HN15: 444.07338 | HO15: =HN15*H15 -> 1519.6191 | HP15: 537.2444 | HQ15: =HP15*H15 -> 1838.4503 | HR15: =(HN15-HP15)*H15 -> -318.83123 | HT15: 46066 | HU15: 658687.96 | HV15: =HU15*P15*O15 -> 1661.9387 | HW15: 676803.83 | HX15: =HW15*P15*O15 -> 1707.6469 | HY15: =HV15+HX15 -> 3369.5855 | IA15: =HU15-HW15 -> -18115.865 | IB15: =IA15*P15*O15 -> -45.708222 | IC15: 2.7951427 | ID15: =IC15*I15 -> 1681.3342 | IE15: 2.8321215 | IF15: =IE15*I15 -> 1703.5777 | IG15: =(IC15-IE15)*I15 -> -22.243458 | II15: 46066 | IJ15: 645550.43 | IK15: =IJ15*P15*O15 -> 1628.7913 | IL15: 656453.87 | IM15: =IL15*P15*O15 -> 1656.3018 | IN15: =IK15+IM15 -> 3285.0931 | IP15: =IJ15-IL15 -> -10903.435 | IQ15: =IP15*P15*O15 -> -27.510507 | IR15: 2.7093353 | IS15: =IR15*I15 -> 1629.7194 | IT15: 2.7759539 | IU15: =IT15*I15 -> 1669.7918 | IV15: =(IR15-IT15)*I15 -> -40.072438 | IX15: 46066 | IY15: 808839.75 | IZ15: =IY15*P15*O15 -> 2040.7873 | JA15: 850877.7 | JB15: =JA15*P15*O15 -> 2146.8535 | JC15: =IZ15+JB15 -> 4187.6408 | JE15: =IY15-JA15 -> -42037.956 | JF15: =JE15*P15*O15 -> -106.06616 | JG15: 16.936577 | JH15: =JG15*J15 -> 2274.7517 | JI15: 16.42694 | JJ15: =JI15*J15 -> 2206.3023 | JK15: =(JG15-JI15)*J15 -> 68.449352 | JM15: 46066 | JN15: 820032.6 | JO15: =JN15*P15*O15 -> 2069.0281 | JP15: 840363.38 | JQ15: =JP15*P15*O15 -> 2120.3247 | JR15: =JO15+JQ15 -> 4189.3528 | JT15: =JN15-JP15 -> -20330.78 | JU15: =JT15*P15*O15 -> -51.296686 | JV15: 16.720821 | JW15: =JV15*J15 -> 2245.7735 | JX15: 16.649619 | JY15: =JX15*J15 -> 2236.2103 | JZ15: =(JV15-JX15)*J15 -> 9.5631326 | KB15: 46066 | KC15: 806164.98 | KD15: =KC15*P15*O15 -> 2034.0386 | KE15: 844702.62 | KF15: =KE15*P15*O15 -> 2131.2731 | KG15: =KD15+KF15 -> 4165.3117 | KI15: =KC15-KE15 -> -38537.636 | KJ15: =KI15*P15*O15 -> -97.234487 | KK15: 3.1147073 | KL15: =KK15*K15 -> 2130.0549 | KM15: 3.0312043 | KN15: =KM15*K15 -> 2072.9497 | KO15: =(KK15-KM15)*K15 -> 57.105158 | KQ15: 46066 | KR15: 800595.02 | KS15: =KR15*P15*O15 -> 2019.985 | KT15: 835578.57 | KU15: =KT15*P15*O15 -> 2108.2522 | KV15: =KS15+KU15 -> 4128.2372 | KX15: =KR15-KT15 -> -34983.549 | KY15: =KX15*P15*O15 -> -88.267155 | KZ15: 3.0805522 | LA15: =KZ15*K15 -> 2106.6973 | LB15: 3.0098655 | LC15: =LB15*K15 -> 2058.3567 | LD15: =(KZ15-LB15)*K15 -> 48.340509 | LF15: 46066 | LG15: 866187.12 | LH15: =LG15*P15*O15 -> 2185.4807 | LI15: 775628.65 | LJ15: =LI15*P15*O15 -> 1956.9922 | LK15: =LH15+LJ15 -> 4142.473 | LM15: =LG15-LI15 -> 90558.475 | LN15: =LM15*P15*O15 -> 228.48851 | LO15: 33.641167 | LP15: =LO15*L15 -> 1898.371 | LQ15: 38.301518 | LR15: =LQ15*L15 -> 2161.3547 | LS15: =(LO15-LQ15)*L15 -> -262.98362 | LU15: 46066 | LV15: 843628.03 | LW15: =LV15*P15*O15 -> 2128.5618 | LX15: 760518.59 | LY15: =LX15*P15*O15 -> 1918.868 | LZ15: =LW15+LY15 -> 4047.4298 | MB15: =LV15-LX15 -> 83109.441 | MC15: =MB15*P15*O15 -> 209.69382 | MD15: 32.990367 | ME15: =MD15*L15 -> 1861.6464 | MF15: 37.297613 | MG15: =MF15*L15 -> 2104.7043 | MH15: =(MD15-MF15)*L15 -> -243.05789 | MJ15: 46066 | MK15: 815325.48 | ML15: =MK15*P15*O15 -> 2057.1515 | MM15: 844050.56 | MN15: =MM15*P15*O15 -> 2129.6279 | MO15: =ML15+MN15 -> 4186.7794 | MQ15: =MK15-MM15 -> -28725.083 | MR15: =MQ15*P15*O15 -> -72.47639 | MS15: 6.8793518 | MT15: =MS15*M15 -> 2107.4206 | MU15: 6.7783698 | MV15: =MU15*M15 -> 2076.4858 | MW15: =(MS15-MU15)*M15 -> 30.934826 | MY15: 46066 | MZ15: 828366.42 | NA15: =MZ15*P15*O15 -> 2090.0552 | NB15: 852262.27 | NC15: =NB15*P15*O15 -> 2150.3469 | ND15: =NA15+NC15 -> 4240.4021 | NF15: =MZ15-NB15 -> -23895.844 | NG15: =NF15*P15*O15 -> -60.291714 | NH15: 6.9478704 | NI15: =NH15*M15 -> 2128.4106 | NJ15: 6.8915339 | NK15: =NJ15*M15 -> 2111.1525 | NL15: =(NH15-NJ15)*M15 -> 17.25813 | NN15: 46066 | NO15: 790818.1 | NP15: =NO15*P15*O15 -> 1995.3168 | NQ15: 730491.66 | NR15: =NQ15*P15*O15 -> 1843.1069 | NS15: =NP15+NR15 -> 3838.4237 | NU15: =NO15-NQ15 -> 60326.443 | NV15: =NU15*P15*O15 -> 152.20993 | NW15: 288662.35 | NX15: =NW15*N15 -> 1919.6046 | NY15: 325060.28 | NZ15: =NY15*N15 -> 2161.6508 | OA15: =(NW15-NY15)*N15 -> -242.04623 | OC15: 46066 | OD15: 568950.71 | OE15: =OD15*P15*O15 -> 1435.5222 | OF15: 511181.53 | OG15: =OF15*P15*O15 -> 1289.7645 | OH15: =OE15+OG15 -> 2725.2867 | OJ15: =OD15-OF15 -> 57769.18 | OK15: =OJ15*P15*O15 -> 145.75769 | OL15: 201568.48 | OM15: =OL15*N15 -> 1340.4304 | ON15: 233232.42 | OO15: =ON15*N15 -> 1550.9956 | OP15: =(OL15-ON15)*N15 -> -210.5652
A16: 46067 | B16: 167.53 | C16: 76.14 | D16: 183.15 | E16: 463.46 | F16: 416.37 | G16: 0.00234 | H16: 3.586 | I16: 600.9 | J16: 135.39 | K16: 680.65 | L16: 60.34 | M16: 306.18 | N16: 0.00787 | O16: 88.065 | P16: 3.082e-05 | R16: 46067 | S16: 814218.96 | T16: =S16*P16*O16 -> 2209.9232 | U16: 811098.08 | V16: =U16*P16*O16 -> 2201.4526 | W16: =T16+V16 -> 4411.3758 | Y16: =S16-U16 -> 3120.878 | Z16: =Y16*P16*O16 -> 8.4705726 | AA16: 12.781611 | AB16: =AA16*B16 -> 2141.3032 | AC16: 13.088146 | AD16: =AC16*B16 -> 2192.657 | AE16: =(AA16-AC16)*B16 -> -51.353815 | AG16: 46067 | AH16: 801749.36 | AI16: =AH16*P16*O16 -> 2176.0787 | AJ16: 811107.86 | AK16: =AJ16*P16*O16 -> 2201.4792 | AL16: =AI16+AK16 -> 4377.5579 | AN16: =AH16-AJ16 -> -9358.4952 | AO16: =AN16*P16*O16 -> -25.400484 | AP16: 12.780433 | AQ16: =AP16*B16 -> 2141.1059 | AR16: 12.893972 | AS16: =AR16*B16 -> 2160.1272 | AT16: =(AP16-AR16)*B16 -> -19.021222 | AV16: 46067 | AW16: 790598.16 | AX16: =AW16*P16*O16 -> 2145.8125 | AY16: 814767.64 | AZ16: =AY16*P16*O16 -> 2211.4124 | BA16: =AX16+AZ16 -> 4357.2249 | BC16: =AW16-AY16 -> -24169.473 | BD16: =BC16*P16*O16 -> -65.599896 | BE16: 27.900922 | BF16: =BE16*C16 -> 2124.3762 | BG16: 27.628062 | BH16: =BG16*C16 -> 2103.6006 | BI16: =(BE16-BG16)*C16 -> 20.77559 | BK16: 46067 | BL16: 822046.04 | BM16: =BL16*P16*O16 -> 2231.1672 | BN16: 814767.64 | BO16: =BN16*P16*O16 -> 2211.4124 | BP16: =BM16+BO16 -> 4442.5796 | BR16: =BL16-BN16 -> 7278.4036 | BS16: =BR16*P16*O16 -> 19.754776 | BT16: 27.897085 | BU16: =BT16*C16 -> 2124.084 | BV16: 28.727506 | BW16: =BV16*C16 -> 2187.3123 | BX16: =(BT16-BV16)*C16 -> -63.228285 | BZ16: 46067 | CA16: 812294.82 | CB16: =CA16*P16*O16 -> 2204.7008 | CC16: 821515.23 | CD16: =CC16*P16*O16 -> 2229.7265 | CE16: =CB16+CD16 -> 4434.4273 | CG16: =CA16-CC16 -> -9220.4081 | CH16: =CG16*P16*O16 -> -25.025693 | CI16: 11.741937 | CJ16: =CI16*D16 -> 2150.5357 | CK16: 11.845322 | CL16: =CK16*D16 -> 2169.4706 | CM16: =(CI16-CK16)*D16 -> -18.93491 | CO16: 46067 | CP16: 812244.08 | CQ16: =CP16*P16*O16 -> 2204.5631 | CR16: 823566.83 | CS16: =CR16*P16*O16 -> 2235.2949 | CT16: =CQ16+CS16 -> 4439.8579 | CV16: =CP16-CR16 -> -11322.755 | CW16: =CV16*P16*O16 -> -30.731806 | CX16: 11.76274 | CY16: =CX16*D16 -> 2154.3459 | CZ16: 11.845322 | DA16: =CZ16*D16 -> 2169.4706 | DB16: =(CX16-CZ16)*D16 -> -15.124761 | DD16: 46067 | DE16: 815935.74 | DF16: =DE16*P16*O16 -> 2214.5828 | DG16: 814428.48 | DH16: =DG16*P16*O16 -> 2210.4919 | DI16: =DF16+DH16 -> 4425.0747 | DK16: =DE16-DG16 -> 1507.2572 | DL16: =DK16*P16*O16 -> 4.0909421 | DM16: 4.6135339 | DN16: =DM16*E16 -> 2138.1884 | DO16: 4.7166099 | DP16: =DO16*E16 -> 2185.96 | DQ16: =(DM16-DO16)*E16 -> -47.771589 | DS16: 46067 | DT16: 810177.53 | DU16: =DT16*P16*O16 -> 2198.9541 | DV16: 814428.48 | DW16: =DV16*P16*O16 -> 2210.4919 | DX16: =DU16+DW16 -> 4409.446 | DZ16: =DT16-DV16 -> -4250.9538 | EA16: =DZ16*P16*O16 -> -11.537783 | EB16: 4.6133552 | EC16: =EB16*E16 -> 2138.1056 | ED16: 4.6861861 | EE16: =ED16*E16 -> 2171.8598 | EF16: =(EB16-ED16)*E16 -> -33.754209 | EH16: 46067 | EI16: 2258487.6 | EJ16: =EI16*P16*O16 -> 6129.904 | EK16: 2268890.8 | EL16: =EK16*P16*O16 -> 6158.1402 | EM16: =EJ16+EL16 -> 12288.044 | EO16: =EI16-EK16 -> -10403.255 | EP16: =EO16*P16*O16 -> -28.236134 | EQ16: 14.448456 | ER16: =EQ16*F16 -> 6015.9035 | ES16: 14.440742 | ET16: =ES16*F16 -> 6012.6918 | EU16: =(EQ16-ES16)*F16 -> 3.211645 | EW16: 46067 | EX16: 2257450.8 | EY16: =EX16*P16*O16 -> 6127.09 | EZ16: 2245447.4 | FA16: =EZ16*P16*O16 -> 6094.511 | FB16: =EY16+FA16 -> 12221.601 | FD16: =EX16-EZ16 -> 12003.341 | FE16: =FD16*P16*O16 -> 32.579027 | FF16: 14.264197 | FG16: =FF16*F16 -> 5939.1839 | FH16: 14.440742 | FI16: =FH16*F16 -> 6012.6918 | FJ16: =(FF16-FH16)*F16 -> -73.507929 | FL16: 46067 | FM16: 615673.34 | FN16: =FM16*P16*O16 -> 1671.038 | FO16: 625447.63 | FP16: =FO16*P16*O16 -> 1697.567 | FQ16: =FN16+FP16 -> 3368.605 | FS16: =FM16-FO16 -> -9774.2901 | FT16: =FS16*P16*O16 -> -26.529019 | FU16: 749993.35 | FV16: =FU16*G16 -> 1754.9844 | FW16: 769065.16 | FX16: =FW16*G16 -> 1799.6125 | FY16: =(FU16-FW16)*G16 -> -44.628034 | GA16: 46067 | GB16: 615648.82 | GC16: =GB16*P16*O16 -> 1670.9714 | GD16: 631091.27 | GE16: =GD16*P16*O16 -> 1712.8848 | GF16: =GC16+GE16 -> 3383.8562 | GH16: =GB16-GD16 -> -15442.452 | GI16: =GH16*P16*O16 -> -41.913336 | GJ16: 756829.28 | GK16: =GJ16*G16 -> 1770.9805 | GL16: 769065.16 | GM16: =GL16*G16 -> 1799.6125 | GN16: =(GJ16-GL16)*G16 -> -28.631966 | GP16: 46067 | GQ16: 613020.18 | GR16: =GQ16*P16*O16 -> 1663.8369 | GS16: 609413.49 | GT16: =GS16*P16*O16 -> 1654.0477 | GU16: =GR16+GT16 -> 3317.8846 | GW16: =GQ16-GS16 -> 3606.6883 | GX16: =GW16*P16*O16 -> 9.789141 | GY16: 461.32003 | GZ16: =GY16*H16 -> 1654.2936 | HA16: 483.13413 | HB16: =HA16*H16 -> 1732.519 | HC16: =(GY16-HA16)*H16 -> -78.225352 | HE16: 46067 | HF16: 612970.57 | HG16: =HF16*P16*O16 -> 1663.7022 | HH16: 624287.86 | HI16: =HH16*P16*O16 -> 1694.4192 | HJ16: =HG16+HI16 -> 3358.1214 | HL16: =HF16-HH16 -> -11317.284 | HM16: =HL16*P16*O16 -> -30.716958 | HN16: 472.35847 | HO16: =HN16*H16 -> 1693.8775 | HP16: 483.13413 | HQ16: =HP16*H16 -> 1732.519 | HR16: =(HN16-HP16)*H16 -> -38.641502 | HT16: 46067 | HU16: 630126.01 | HV16: =HU16*P16*O16 -> 1710.2649 | HW16: 644897.47 | HX16: =HW16*P16*O16 -> 1750.3571 | HY16: =HV16+HX16 -> 3460.6219 | IA16: =HU16-HW16 -> -14771.466 | IB16: =IA16*P16*O16 -> -40.092171 | IC16: 2.7464155 | ID16: =IC16*I16 -> 1650.3211 | IE16: 2.7946062 | IF16: =IE16*I16 -> 1679.2789 | IG16: =(IC16-IE16)*I16 -> -28.957804 | II16: 46067 | IJ16: 629222.6 | IK16: =IJ16*P16*O16 -> 1707.8129 | IL16: 644897.47 | IM16: =IL16*P16*O16 -> 1750.3571 | IN16: =IK16+IM16 -> 3458.1699 | IP16: =IJ16-IL16 -> -15674.874 | IQ16: =IP16*P16*O16 -> -42.544167 | IR16: 2.7463024 | IS16: =IR16*I16 -> 1650.2531 | IT16: 2.793191 | IU16: =IT16*I16 -> 1678.4285 | IV16: =(IR16-IT16)*I16 -> -28.175378 | IX16: 46067 | IY16: 814352.88 | IZ16: =IY16*P16*O16 -> 2210.2867 | JA16: 814516.62 | JB16: =JA16*P16*O16 -> 2210.7311 | JC16: =IZ16+JB16 -> 4421.0178 | JE16: =IY16-JA16 -> -163.73916 | JF16: =JE16*P16*O16 -> -0.44441481 | JG16: 15.884386 | JH16: =JG16*J16 -> 2150.587 | JI16: 16.201676 | JJ16: =JI16*J16 -> 2193.5449 | JK16: =(JG16-JI16)*J16 -> -42.957899 | JM16: 46067 | JN16: 804044.64 | JO16: =JN16*P16*O16 -> 2182.3085 | JP16: 814516.62 | JQ16: =JP16*P16*O16 -> 2210.7311 | JR16: =JO16+JQ16 -> 4393.0396 | JT16: =JN16-JP16 -> -10471.974 | JU16: =JT16*P16*O16 -> -28.422647 | JV16: 15.88312 | JW16: =JV16*J16 -> 2150.4156 | JX16: 16.006616 | JY16: =JX16*J16 -> 2167.1358 | JZ16: =(JV16-JX16)*J16 -> -16.720206 | KB16: 46067 | KC16: 808714.29 | KD16: =KC16*P16*O16 -> 2194.9826 | KE16: 814455.96 | KF16: =KE16*P16*O16 -> 2210.5665 | KG16: =KD16+KF16 -> 4405.5491 | KI16: =KC16-KE16 -> -5741.6722 | KJ16: =KI16*P16*O16 -> -15.583836 | KK16: 3.1227542 | KL16: =KK16*K16 -> 2125.5027 | KM16: 3.1641409 | KN16: =KM16*K16 -> 2153.6725 | KO16: =(KK16-KM16)*K16 -> -28.169838 | KQ16: 46067 | KR16: 811897.75 | KS16: =KR16*P16*O16 -> 2203.6231 | KT16: 814455.96 | KU16: =KT16*P16*O16 -> 2210.5665 | KV16: =KS16+KU16 -> 4414.1896 | KX16: =KR16-KT16 -> -2558.2071 | KY16: =KX16*P16*O16 -> -6.9433917 | KZ16: 3.1225523 | LA16: =KZ16*K16 -> 2125.3653 | LB16: 3.1760707 | LC16: =LB16*K16 -> 2161.7926 | LD16: =(KZ16-LB16)*K16 -> -36.427304 | LF16: 46067 | LG16: 811202.99 | LH16: =LG16*P16*O16 -> 2201.7374 | LI16: 821949.56 | LJ16: =LI16*P16*O16 -> 2230.9053 | LK16: =LH16+LJ16 -> 4432.6427 | LM16: =LG16-LI16 -> -10746.579 | LN16: =LM16*P16*O16 -> -29.167969 | LO16: 35.65249 | LP16: =LO16*L16 -> 2151.2712 | LQ16: 35.900303 | LR16: =LQ16*L16 -> 2166.2243 | LS16: =(LO16-LQ16)*L16 -> -14.953019 | LU16: 46067 | LV16: 811153.89 | LW16: =LV16*P16*O16 -> 2201.6041 | LX16: 825330.15 | LY16: =LX16*P16*O16 -> 2240.0808 | LZ16: =LW16+LY16 -> 4441.6849 | MB16: =LV16-LX16 -> -14176.26 | MC16: =MB16*P16*O16 -> -38.476683 | MD16: 35.789991 | ME16: =MD16*L16 -> 2159.5681 | MF16: 35.900303 | MG16: =MF16*L16 -> 2166.2243 | MH16: =(MD16-MF16)*L16 -> -6.6561923 | MJ16: 46067 | MK16: 801388.95 | ML16: =MK16*P16*O16 -> 2175.1005 | MM16: 814416.95 | MN16: =MM16*P16*O16 -> 2210.4606 | MO16: =ML16+MN16 -> 4385.5611 | MQ16: =MK16-MM16 -> -13027.991 | MR16: =MQ16*P16*O16 -> -35.360096 | MS16: 6.9515305 | MT16: =MS16*M16 -> 2128.4196 | MU16: 6.9789952 | MV16: =MU16*M16 -> 2136.8288 | MW16: =(MS16-MU16)*M16 -> -8.4091357 | MY16: 46067 | MZ16: 798422.46 | NA16: =MZ16*P16*O16 -> 2167.0489 | NB16: 814416.95 | NC16: =NB16*P16*O16 -> 2210.4606 | ND16: =NA16+NC16 -> 4377.5095 | NF16: =MZ16-NB16 -> -15994.484 | NG16: =NF16*P16*O16 -> -43.411641 | NH16: 6.9509132 | NI16: =NH16*M16 -> 2128.2306 | NJ16: 6.9579302 | NK16: =NJ16*M16 -> 2130.3791 | NL16: =(NH16-NJ16)*M16 -> -2.1484559 | NN16: 46067 | NO16: 792893.42 | NP16: =NO16*P16*O16 -> 2152.0422 | NQ16: 802944.95 | NR16: =NQ16*P16*O16 -> 2179.3237 | NS16: =NP16+NR16 -> 4331.3659 | NU16: =NO16-NQ16 -> -10051.527 | NV16: =NU16*P16*O16 -> -27.281485 | NW16: 293596.47 | NX16: =NW16*N16 -> 2310.6042 | NY16: 302992.73 | NZ16: =NY16*N16 -> 2384.5528 | OA16: =(NW16-NY16)*N16 -> -73.948592 | OC16: 46067 | OD16: 792838.43 | OE16: =OD16*P16*O16 -> 2151.893 | OF16: 790312.32 | OG16: =OF16*P16*O16 -> 2145.0367 | OH16: =OE16+OG16 -> 4296.9296 | OJ16: =OD16-OF16 -> 2526.1105 | OK16: =OJ16*P16*O16 -> 6.8562763 | OL16: 289781.46 | OM16: =OL16*N16 -> 2280.5801 | ON16: 302992.73 | OO16: =ON16*N16 -> 2384.5528 | OP16: =(OL16-ON16)*N16 -> -103.97277
... A30: 46081 | B30: 178.5 | C30: 76.24 | D30: 178.1 | E30: 485.51 | F30: 403.01 | G30: 0.00192 | H30: 3.476 | I30: 607.11 | J30: 133.5 | K30: 687.63 | L30: 83.49 | M30: 308.77 | N30: 0.00699 | O30: 84.341 | P30: 3.12e-05 | R30: 46081 | S30: 575248.64 | T30: =S30*P30*O30 -> 1513.7318 | U30: 598163.04 | V30: =U30*P30*O30 -> 1574.0297 | W30: =T30+V30 -> 3087.7615 | Y30: =S30-U30 -> -22914.396 | Z30: =Y30*P30*O30 -> -60.297839 | AA30: 8.59585 | AB30: =AA30*B30 -> 1534.3592 | AC30: 8.4345946 | AD30: =AC30*B30 -> 1505.5751 | AE30: =(AA30-AC30)*B30 -> 28.784094 | AG30: 46081 | AH30: 586523.8 | AI30: =AH30*P30*O30 -> 1543.4017 | AJ30: 598163.04 | AK30: =AJ30*P30*O30 -> 1574.0297 | AL30: =AI30+AK30 -> 3117.4314 | AN30: =AH30-AJ30 -> -11639.236 | AO30: =AN30*P30*O30 -> -30.627941 | AP30: 8.5948901 | AQ30: =AP30*B30 -> 1534.1879 | AR30: 8.6010938 | AS30: =AR30*B30 -> 1535.2952 | AT30: =(AP30-AR30)*B30 -> -1.1073569 | AV30: 46081 | AW30: 585225.55 | AX30: =AW30*P30*O30 -> 1539.9854 | AY30: 598319.27 | AZ30: =AY30*P30*O30 -> 1574.4408 | BA30: =AX30+AZ30 -> 3114.4262 | BC30: =AW30-AY30 -> -13093.724 | BD30: =BC30*P30*O30 -> -34.45534 | BE30: 19.812954 | BF30: =BE30*C30 -> 1510.5396 | BG30: 19.768681 | BH30: =BG30*C30 -> 1507.1643 | BI30: =(BE30-BG30)*C30 -> 3.3753453 | BK30: 46081 | BL30: 599768.71 | BM30: =BL30*P30*O30 -> 1578.2549 | BN30: 598319.27 | BO30: =BN30*P30*O30 -> 1574.4408 | BP30: =BM30+BO30 -> 3152.6957 | BR30: =BL30-BN30 -> 1449.4411 | BS30: =BR30*P30*O30 -> 3.8141161 | BT30: 19.810812 | BU30: =BT30*C30 -> 1510.3763 | BV30: 20.270268 | BW30: =BV30*C30 -> 1545.4052 | BX30: =(BT30-BV30)*C30 -> -35.028888 | BZ30: 46081 | CA30: 597410.59 | CB30: =CA30*P30*O30 -> 1572.0496 | CC30: 603482.19 | CD30: =CC30*P30*O30 -> 1588.0267 | CE30: =CB30+CD30 -> 3160.0763 | CG30: =CA30-CC30 -> -6071.6081 | CH30: =CG30*P30*O30 -> -15.977067 | CI30: 8.469813 | CJ30: =CI30*D30 -> 1508.4737 | CK30: 8.5557525 | CL30: =CK30*D30 -> 1523.7795 | CM30: =(CI30-CK30)*D30 -> -15.30582 | CO30: 46081 | CP30: 597379.91 | CQ30: =CP30*P30*O30 -> 1571.9689 | CR30: 591329.18 | CS30: =CR30*P30*O30 -> 1556.0468 | CT30: =CQ30+CS30 -> 3128.0157 | CV30: =CP30-CR30 -> 6050.7273 | CW30: =CV30*P30*O30 -> 15.922121 | CX30: 8.2957114 | CY30: =CX30*D30 -> 1477.4662 | CZ30: 8.5557525 | DA30: =CZ30*D30 -> 1523.7795 | DB30: =(CX30-CZ30)*D30 -> -46.313329 | DD30: 46081 | DE30: 585485.12 | DF30: =DE30*P30*O30 -> 1540.6685 | DG30: 600543.19 | DH30: =DG30*P30*O30 -> 1580.2929 | DI30: =DF30+DH30 -> 3120.9614 | DK30: =DE30-DG30 -> -15058.064 | DL30: =DK30*P30*O30 -> -39.624379 | DM30: 3.0560004 | DN30: =DM30*E30 -> 1483.7188 | DO30: 3.0393493 | DP30: =DO30*E30 -> 1475.6345 | DQ30: =(DM30-DO30)*E30 -> 8.084295 | DS30: 46081 | DT30: 578615.64 | DU30: =DT30*P30*O30 -> 1522.5919 | DV30: 598180.35 | DW30: =DV30*P30*O30 -> 1574.0752 | DX30: =DU30+DW30 -> 3096.6671 | DZ30: =DT30-DV30 -> -19564.7 | EA30: =DZ30*P30*O30 -> -51.48332 | EB30: 3.0435213 | EC30: =EB30*E30 -> 1477.66 | ED30: 3.0037291 | EE30: =ED30*E30 -> 1458.3405 | EF30: =(EB30-ED30)*E30 -> 19.31953 | EH30: 46081 | EI30: 2489387 | EJ30: =EI30*P30*O30 -> 6550.6705 | EK30: 2535467.2 | EL30: =EK30*P30*O30 -> 6671.9278 | EM30: =EJ30+EL30 -> 13222.598 | EO30: =EI30-EK30 -> -46080.194 | EP30: =EO30*P30*O30 -> -121.25723 | EQ30: 15.95384 | ER30: =EQ30*F30 -> 6429.557 | ES30: 15.733047 | ET30: =ES30*F30 -> 6340.5752 | EU30: =(EQ30-ES30)*F30 -> 88.981859 | EW30: 46081 | EX30: 2488317.7 | EY30: =EX30*P30*O30 -> 6547.8567 | EZ30: 2508708.4 | FA30: =EZ30*P30*O30 -> 6601.5137 | FB30: =EY30+FA30 -> 13149.37 | FD30: =EX30-EZ30 -> -20390.745 | FE30: =FD30*P30*O30 -> -53.657005 | FF30: 15.755772 | FG30: =FF30*F30 -> 6349.7337 | FH30: 15.733047 | FI30: =FH30*F30 -> 6340.5752 | FJ30: =(FF30-FH30)*F30 -> 9.1585433 | FL30: 46081 | FM30: 489656.85 | FN30: =FM30*P30*O30 -> 1288.5022 | FO30: 499130.3 | FP30: =FO30*P30*O30 -> 1313.431 | FQ30: =FN30+FP30 -> 2601.9333 | FS30: =FM30-FO30 -> -9473.4485 | FT30: =FS30*P30*O30 -> -24.928804 | FU30: 688508.2 | FV30: =FU30*G30 -> 1321.9357 | FW30: 702485.42 | FX30: =FW30*G30 -> 1348.772 | FY30: =(FU30-FW30)*G30 -> -26.836261 | GA30: 46081 | GB30: 489630.05 | GC30: =GB30*P30*O30 -> 1288.4317 | GD30: 493779.09 | GE30: =GD30*P30*O30 -> 1299.3497 | GF30: =GC30+GE30 -> 2587.7814 | GH30: =GB30-GD30 -> -4149.0499 | GI30: =GH30*P30*O30 -> -10.917973 | GJ30: 680322.43 | GK30: =GJ30*G30 -> 1306.2191 | GL30: 702485.42 | GM30: =GL30*G30 -> 1348.772 | GN30: =(GJ30-GL30)*G30 -> -42.552944 | GP30: 46081 | GQ30: 489498.67 | GR30: =GQ30*P30*O30 -> 1288.086 | GS30: 469614.04 | GT30: =GS30*P30*O30 -> 1235.7608 | GU30: =GR30+GT30 -> 2523.8468 | GW30: =GQ30-GS30 -> 19884.64 | GX30: =GW30*P30*O30 -> 52.325221 | GY30: 348.56208 | GZ30: =GY30*H30 -> 1211.6018 | HA30: 378.20555 | HB30: =HA30*H30 -> 1314.6425 | HC30: =(GY30-HA30)*H30 -> -103.04071 | HE30: 46081 | HF30: 489472.49 | HG30: =HF30*P30*O30 -> 1288.0171 | HH30: 517550.66 | HI30: =HH30*P30*O30 -> 1361.9031 | HJ30: =HG30+HI30 -> 2649.9202 | HL30: =HF30-HH30 -> -28078.173 | HM30: =HL30*P30*O30 -> -73.886006 | HN30: 384.00885 | HO30: =HN30*H30 -> 1334.8148 | HP30: 378.20555 | HQ30: =HP30*H30 -> 1314.6425 | HR30: =(HN30-HP30)*H30 -> 20.172264 | HT30: 46081 | HU30: 490515.44 | HV30: =HU30*P30*O30 -> 1290.7616 | HW30: 496955.56 | HX30: =HW30*P30*O30 -> 1307.7083 | HY30: =HV30+HX30 -> 2598.4699 | IA30: =HU30-HW30 -> -6440.1181 | IB30: =IA30*P30*O30 -> -16.946779 | IC30: 2.0345214 | ID30: =IC30*I30 -> 1235.1783 | IE30: 2.0913342 | IF30: =IE30*I30 -> 1269.6699 | IG30: =(IC30-IE30)*I30 -> -34.491619 | II30: 46081 | IJ30: 483369.08 | IK30: =IJ30*P30*O30 -> 1271.9564 | IL30: 496955.56 | IM30: =IL30*P30*O30 -> 1307.7083 | IN30: =IK30+IM30 -> 2579.6647 | IP30: =IJ30-IL30 -> -13586.478 | IQ30: =IP30*P30*O30 -> -35.751991 | IR30: 2.0344341 | IS30: =IR30*I30 -> 1235.1253 | IT30: 2.05986 | IU30: =IT30*I30 -> 1250.5616 | IV30: =(IR30-IT30)*I30 -> -15.436288 | IX30: 46081 | IY30: 603890.5 | IZ30: =IY30*P30*O30 -> 1589.1011 | JA30: 598255.71 | JB30: =JA30*P30*O30 -> 1574.2735 | JC30: =IZ30+JB30 -> 3163.3746 | JE30: =IY30-JA30 -> 5634.79 | JF30: =JE30*P30*O30 -> 14.827607 | JG30: 11.57251 | JH30: =JG30*J30 -> 1544.9301 | JI30: 11.91737 | JJ30: =JI30*J30 -> 1590.969 | JK30: =(JG30-JI30)*J30 -> -46.038819 | JM30: 46081 | JN30: 619615.64 | JO30: =JN30*P30*O30 -> 1630.4809 | JP30: 598255.71 | JQ30: =JP30*P30*O30 -> 1574.2735 | JR30: =JO30+JQ30 -> 3204.7544 | JT30: =JN30-JP30 -> 21359.933 | JU30: =JT30*P30*O30 -> 56.207364 | JV30: 11.571604 | JW30: =JV30*J30 -> 1544.8092 | JX30: 12.228171 | JY30: =JX30*J30 -> 1632.4608 | JZ30: =(JV30-JX30)*J30 -> -87.65161 | KB30: 46081 | KC30: 605523.62 | KD30: =KC30*P30*O30 -> 1593.3986 | KE30: 600420.9 | KF30: =KE30*P30*O30 -> 1579.9711 | KG30: =KD30+KF30 -> 3173.3697 | KI30: =KC30-KE30 -> 5102.7153 | KJ30: =KI30*P30*O30 -> 13.427485 | KK30: 2.2026032 | KL30: =KK30*K30 -> 1514.576 | KM30: 2.2675451 | KN30: =KM30*K30 -> 1559.2321 | KO30: =(KK30-KM30)*K30 -> -44.65601 | KQ30: 46081 | KR30: 591918.97 | KS30: =KR30*P30*O30 -> 1557.5988 | KT30: 600420.9 | KU30: =KT30*P30*O30 -> 1579.9711 | KV30: =KS30+KU30 -> 3137.5699 | KX30: =KR30-KT30 -> -8501.929 | KY30: =KX30*P30*O30 -> -22.372309 | KZ30: 2.2024939 | LA30: =KZ30*K30 -> 1514.5009 | LB30: 2.2147369 | LC30: =LB30*K30 -> 1522.9195 | LD30: =(KZ30-LB30)*K30 -> -8.4186362 | LF30: 46081 | LG30: 589811.18 | LH30: =LG30*P30*O30 -> 1552.0522 | LI30: 616453.14 | LJ30: =LI30*P30*O30 -> 1622.159 | LK30: =LH30+LJ30 -> 3174.2112 | LM30: =LG30-LI30 -> -26641.967 | LN30: =LM30*P30*O30 -> -70.106717 | LO30: 18.745934 | LP30: =LO30*L30 -> 1565.098 | LQ30: 18.298919 | LR30: =LQ30*L30 -> 1527.7768 | LS30: =(LO30-LQ30)*L30 -> 37.32125 | LU30: 46081 | LV30: 592119.42 | LW30: =LV30*P30*O30 -> 1558.1262 | LX30: 583706.63 | LY30: =LX30*P30*O30 -> 1535.9885 | LZ30: =LW30+LY30 -> 3094.1147 | MB30: =LV30-LX30 -> 8412.7908 | MC30: =MB30*P30*O30 -> 22.137747 | MD30: 17.748241 | ME30: =MD30*L30 -> 1481.8006 | MF30: 18.371889 | MG30: =MF30*L30 -> 1533.869 | MH30: =(MD30-MF30)*L30 -> -52.068369 | MJ30: 46081 | MK30: 598054.59 | ML30: =MK30*P30*O30 -> 1573.7443 | MM30: 598152.74 | MN30: =MM30*P30*O30 -> 1574.0026 | MO30: =ML30+MN30 -> 3147.7469 | MQ30: =MK30-MM30 -> -98.146223 | MR30: =MQ30*P30*O30 -> -0.25826582 | MS30: 4.8288268 | MT30: =MS30*M30 -> 1490.9969 | MU30: 4.9252828 | MV30: =MU30*M30 -> 1520.7796 | MW30: =(MS30-MU30)*M30 -> -29.782704 | MY30: 46081 | MZ30: 576374.8 | NA30: =MZ30*P30*O30 -> 1516.6952 | NB30: 598152.74 | NC30: =NB30*P30*O30 -> 1574.0026 | ND30: =NA30+NC30 -> 3090.6978 | NF30: =MZ30-NB30 -> -21777.94 | NG30: =NF30*P30*O30 -> -57.307326 | NH30: 4.8283196 | NI30: =NH30*M30 -> 1490.8403 | NJ30: 4.7507849 | NK30: =NJ30*M30 -> 1466.8999 | NL30: =(NH30-NJ30)*M30 -> 23.940389 | NN30: 46081 | NO30: 589711.61 | NP30: =NO30*P30*O30 -> 1551.7902 | NQ30: 595889.53 | NR30: =NQ30*P30*O30 -> 1568.0471 | NS30: =NP30+NR30 -> 3119.8373 | NU30: =NO30-NQ30 -> -6177.9164 | NV30: =NU30*P30*O30 -> -16.256811 | NW30: 222693.97 | NX30: =NW30*N30 -> 1556.6308 | NY30: 229434.01 | NZ30: =NY30*N30 -> 1603.7437 | OA30: =(NW30-NY30)*N30 -> -47.112877 | OC30: 46081 | OD30: 589685.49 | OE30: =OD30*P30*O30 -> 1551.7215 | OF30: 603357.21 | OG30: =OF30*P30*O30 -> 1587.6978 | OH30: =OE30+OG30 -> 3139.4193 | OJ30: =OD30-OF30 -> -13671.722 | OK30: =OJ30*P30*O30 -> -35.976304 | OL30: 225461.3 | OM30: =OL30*N30 -> 1575.9745 | ON30: 229434.01 | OO30: =ON30*N30 -> 1603.7437 | OP30: =(OL30-ON30)*N30 -> -27.769209
NI32: s
